"Name","W","L","ERA","GS","G","SV","IP","H","ER","HR","SO","BB","WHIP","K/9","BB/9","FIP","WAR","playerid"
"Craig Kimbrel","5","1","1.70","0","59","31","59.0","37","11","3","87","17","0.93","13.40","2.61","1.78","1.5","6655"
"Aroldis Chapman","1","0","1.92","0","18","6","18.0","11","4","1","28","7","0.99","14.23","3.54","2.24","0.3","10233"
"Kenley Jansen","4","1","2.07","0","58","28","58.0","40","13","5","81","18","0.98","12.47","2.73","2.38","0.8","3096"
"Greg Holland","4","2","2.33","0","59","29","59.0","42","15","4","77","19","1.04","11.69","2.93","2.44","1.2","7196"
"Koji Uehara","4","1","2.11","0","58","25","58.0","47","14","6","68","10","0.97","10.45","1.52","2.69","1.2","9227"
"Kelvin Herrera","4","1","2.60","0","50","2","50.0","39","14","4","56","15","1.10","10.07","2.74","2.76","0.8","6033"
"Mark Melancon","4","2","2.74","0","58","4","58.0","53","18","3","52","12","1.13","7.99","1.92","2.82","0.6","4264"
"Jordan Walden","3","1","2.66","0","50","1","50.0","38","15","4","61","17","1.11","11.09","3.04","2.83","0.5","3271"
"Trevor Rosenthal","4","2","2.64","0","58","30","58.0","46","17","5","68","18","1.11","10.59","2.85","2.87","0.6","10745"
"Felix Hernandez","13","8","3.04","27","27","0","173.0","151","58","14","175","41","1.11","9.09","2.12","2.90","3.9","4772"
"Jonny Venters","1","0","2.93","0","9","0","9.0","8","3","0","9","3","1.22","9.47","3.35","2.91","0.1","7175"
"Jose Fernandez","11","10","3.14","27","27","0","172.0","141","60","13","198","59","1.17","10.38","3.12","2.91","3.5","11530"
"Jason Motte","1","0","2.70","0","9","0","9.0","7","3","1","10","2","1.09","9.77","2.30","2.92","0.1","5861"
"Jason Grilli","4","2","2.45","0","58","30","58.0","45","16","5","68","18","1.09","10.49","2.76","2.95","0.7","521"
"Jake McGee","4","2","2.53","0","58","6","58.0","46","16","5","67","17","1.08","10.29","2.64","2.96","0.6","7550"
"Stephen Strasburg","11","8","3.17","26","26","0","163.0","136","57","14","183","50","1.14","10.11","2.76","2.97","3.4","10131"
"Glen Perkins","4","2","2.77","0","59","29","59.0","50","18","5","65","16","1.13","9.95","2.51","2.99","0.9","8041"
"Adam Wainwright","13","9","3.20","29","29","0","180.0","168","64","15","164","39","1.14","8.19","1.92","3.03","3.1","2233"
"Fernando Rodney","4","2","3.06","0","59","23","59.0","48","20","4","63","22","1.20","9.72","3.41","3.03","0.7","494"
"Clayton Kershaw","8","5","2.92","18","18","0","103.0","88","33","9","105","26","1.11","9.20","2.31","3.04","1.6","2036"
"Joaquin Benoit","4","2","2.78","0","58","9","58.0","47","18","6","65","18","1.12","10.02","2.71","3.07","0.5","1437"
"Sergio Santos","4","2","3.02","0","58","16","58.0","47","20","5","68","21","1.16","10.59","3.19","3.08","0.6","4734"
"Sergio Romo","4","2","2.90","0","58","28","58.0","52","19","5","56","13","1.11","8.65","1.96","3.09","0.6","9817"
"Sean Marshall","1","0","2.89","0","14","0","14.0","12","4","1","13","4","1.14","8.80","2.40","3.11","0.1","5905"
"Carter Capps","1","1","3.11","0","23","0","23.0","19","8","2","25","8","1.20","9.81","3.28","3.11","0.2","12803"
"David Robertson","4","2","3.03","0","58","29","58.0","49","20","5","63","18","1.15","9.81","2.82","3.12","0.6","8241"
"Ian Thomas","3","1","2.98","0","41","1","41.0","34","13","3","44","14","1.19","9.77","3.13","3.13","0.3","13881"
"Cliff Lee","11","10","3.19","27","27","0","173.0","159","61","18","164","29","1.09","8.51","1.53","3.13","3.1","1636"
"Paco Rodriguez","2","1","2.85","0","31","0","31.0","26","10","3","34","11","1.17","9.82","3.18","3.14","0.1","13398"
"Madison Bumgarner","12","9","3.25","28","28","0","172.0","152","62","15","171","50","1.18","8.94","2.60","3.18","2.6","5524"
"Boone Logan","3","1","3.18","0","40","1","40.0","34","14","4","46","14","1.20","10.31","3.12","3.18","0.5","5525"
"Pedro Strop","4","2","3.24","0","59","8","59.0","49","21","4","63","25","1.26","9.54","3.77","3.20","0.6","4070"
"Steve Cishek","4","2","3.32","0","58","29","58.0","52","21","4","57","20","1.24","8.75","3.05","3.20","0.4","6483"
"Cody Allen","4","2","3.01","0","59","6","59.0","49","20","6","67","20","1.18","10.35","3.07","3.20","0.4","12183"
"Seth Maness","2","1","3.22","0","36","0","36.0","37","13","2","24","6","1.21","5.97","1.50","3.21","0.2","12235"
"Yu Darvish","13","8","3.25","27","27","0","172.0","141","62","17","202","61","1.17","10.59","3.18","3.22","4.0","13074"
"Jean Machi","2","1","3.25","0","31","0","31.0","29","11","2","27","8","1.21","7.82","2.43","3.24","0.1","3220"
"Drew Storen","3","2","3.15","0","49","3","49.0","44","17","5","49","13","1.17","8.89","2.39","3.24","0.4","6983"
"Andrew Miller","3","1","3.34","0","40","1","40.0","33","15","3","47","18","1.26","10.41","4.02","3.25","0.4","6785"
"Kyuji Fujikawa","1","0","3.07","0","9","0","9.0","8","3","1","9","3","1.16","9.11","2.62","3.25","0.1","14443"
"Will Harris","2","1","3.14","0","26","0","26.0","23","9","2","27","8","1.18","9.30","2.86","3.27","0.2","3192"
"Junichi Tazawa","4","2","3.14","0","58","3","58.0","53","20","6","57","14","1.15","8.86","2.18","3.27","0.5","4079"
"Kevin Siegrist","3","2","3.00","0","49","1","49.0","40","16","4","55","20","1.21","10.10","3.60","3.28","0.3","8180"
"Zack Greinke","12","9","3.25","27","27","0","172.0","157","62","16","157","43","1.16","8.21","2.25","3.28","2.3","1943"
"David Price","12","8","3.15","27","27","0","172.0","155","60","16","154","39","1.13","8.05","2.06","3.29","2.6","3184"
"Chris Sale","12","9","3.38","27","27","0","172.0","151","64","18","180","47","1.16","9.44","2.48","3.29","3.2","10603"
"Neal Cotts","4","2","3.05","0","58","3","58.0","49","20","6","64","20","1.19","9.87","3.12","3.30","0.6","1797"
"Bobby Parnell","1","0","3.28","0","9","3","9.0","8","3","1","8","3","1.22","8.07","2.66","3.31","0.0","9926"
"Doug Fister","8","7","3.43","20","20","0","115.0","114","44","9","90","24","1.21","7.10","1.90","3.33","1.8","9425"
"Craig Stammen","3","2","3.43","0","49","1","49.0","46","19","4","44","15","1.24","8.07","2.72","3.34","0.2","7274"
"Danny Farquhar","3","2","3.15","0","50","9","50.0","42","17","5","52","17","1.19","9.49","3.14","3.34","0.3","8501"
"Will Smith","4","3","3.27","3","52","1","66.0","60","24","7","67","19","1.19","9.04","2.62","3.34","0.4","8048"
"J.J. Putz","3","2","3.16","0","49","1","49.0","43","17","5","48","15","1.18","8.95","2.77","3.35","0.4","1795"
"David Carpenter","4","2","3.14","0","59","2","59.0","51","20","6","61","19","1.19","9.38","2.94","3.35","0.2","3959"
"Aaron Barrett","1","0","3.28","0","13","0","13.0","12","5","1","14","5","1.23","9.61","3.31","3.35","0.1","11243"
"Francisco Rodriguez","4","2","3.35","0","58","19","58.0","51","22","6","61","19","1.21","9.44","2.96","3.36","0.4","1642"
"Jim Johnson","4","2","3.36","0","59","27","59.0","57","22","4","46","17","1.26","7.10","2.58","3.38","0.3","3656"
"Brian Wilson","3","2","3.29","0","49","3","49.0","44","18","4","47","16","1.22","8.63","2.86","3.38","0.1","6485"
"Jake Diekman","2","2","3.47","0","41","1","41.0","33","16","3","46","21","1.31","10.31","4.59","3.38","0.2","5003"
"Chris Withrow","2","1","3.25","0","36","0","36.0","28","13","3","42","16","1.25","10.46","4.07","3.38","0.1","7161"
"Francisco Liriano","11","10","3.64","27","27","0","172.0","150","70","13","170","69","1.28","8.90","3.63","3.39","2.1","3201"
"Jaime Garcia","6","5","3.65","15","15","0","86.0","85","35","7","67","23","1.26","7.00","2.46","3.40","1.3","8137"
"Manny Parra","3","2","3.30","0","50","1","50.0","43","18","5","51","17","1.21","9.28","3.13","3.41","0.2","4279"
"Christian Garcia","2","1","3.24","0","27","0","27.0","24","10","3","28","9","1.21","9.28","2.96","3.41","0.1","4067"
"Max Scherzer","13","8","3.25","29","29","0","176.0","151","64","21","190","50","1.14","9.68","2.55","3.41","3.1","3137"
"Jamey Wright","4","2","3.45","0","58","3","58.0","54","22","4","50","20","1.28","7.79","3.07","3.41","0.2","715"
"Sean Doolittle","3","2","2.82","0","50","1","50.0","43","16","6","50","12","1.11","9.13","2.21","3.41","0.2","1581"
"Kyle McPherson","1","0","3.24","0","9","0","9.0","8","3","1","8","2","1.17","7.76","1.97","3.42","0.0","5009"
"Javier Lopez","3","2","3.34","0","49","3","49.0","47","18","3","39","16","1.28","7.11","2.90","3.42","0.0","1663"
"Nate Jones","4","2","3.38","0","58","25","58.0","50","22","5","61","22","1.25","9.43","3.45","3.42","0.4","4696"
"Randy Choate","3","2","3.39","0","49","1","49.0","47","19","3","40","16","1.28","7.31","2.96","3.43","0.2","813"
"Jonathan Papelbon","4","2","3.13","0","59","28","59.0","52","20","7","58","14","1.13","8.86","2.17","3.43","0.3","5975"
"Alex Torres","3","2","3.26","0","49","1","49.0","39","18","4","56","24","1.28","10.30","4.40","3.43","0.0","7038"
"Yusmeiro Petit","5","4","3.45","6","46","1","75.0","72","29","8","65","16","1.17","7.87","1.93","3.43","0.1","4020"
"Alex Cobb","9","7","3.51","23","23","0","129.0","118","50","10","109","42","1.24","7.65","2.93","3.43","1.7","6562"
"Michael Wacha","10","9","3.46","25","25","0","155.0","142","59","15","144","44","1.20","8.41","2.58","3.44","2.2","14078"
"A.J. Burnett","9","10","3.80","26","26","0","156.0","142","66","12","149","59","1.29","8.64","3.42","3.44","2.2","512"
"Al Alburquerque","4","2","3.51","0","60","3","60.0","48","23","5","68","29","1.29","10.28","4.31","3.45","0.3","6324"
"Jesse Crain","2","1","3.03","0","27","2","27.0","23","9","3","29","9","1.17","9.82","2.93","3.45","0.1","4817"
"Justin Grimm","2","1","3.36","0","36","0","36.0","34","14","4","33","10","1.22","8.25","2.58","3.45","0.2","11720"
"Wesley Wright","3","2","3.39","0","41","1","41.0","37","15","3","37","14","1.25","8.25","3.04","3.45","0.2","5960"
"Alex Wood","10","8","3.51","24","24","0","147.0","134","57","12","136","52","1.27","8.36","3.19","3.46","1.8","13781"
"Justin Wilson","3","2","3.31","0","49","1","49.0","43","18","4","47","20","1.29","8.53","3.66","3.46","0.2","4301"
"Tim Stauffer","2","1","3.37","0","36","0","36.0","34","13","3","30","10","1.23","7.58","2.43","3.47","0.0","6432"
"Arquimedes Caminero","2","1","3.27","0","36","0","36.0","31","13","3","38","14","1.25","9.66","3.55","3.47","0.1","8992"
"Addison Reed","4","2","3.06","0","57","27","57.0","50","20","7","59","16","1.14","9.26","2.51","3.48","0.4","10586"
"Brad Boxberger","1","0","3.10","0","13","0","13.0","11","5","1","15","6","1.22","10.10","3.78","3.48","0.0","10133"
"Carlos Martinez","4","2","3.37","0","58","2","58.0","53","22","5","55","20","1.25","8.54","3.12","3.48","0.2","11682"
"Jose Dominguez","1","1","3.28","0","22","0","22.0","18","8","2","25","10","1.25","10.18","3.98","3.49","0.0","11571"
"Tony Watson","3","2","3.19","0","49","1","49.0","44","17","5","45","14","1.19","8.26","2.59","3.49","0.1","3132"
"Brandon Kintzler","1","0","3.51","0","9","0","9.0","9","3","1","7","2","1.27","7.09","2.48","3.49","0.0","9939"
"George Kontos","1","1","3.40","0","22","0","22.0","21","8","2","20","6","1.22","7.86","2.48","3.51","0.1","9486"
"Charlie Furbush","3","2","3.20","0","50","1","50.0","43","18","5","51","17","1.20","9.24","3.06","3.51","0.3","1370"
"Tyler Lyons","3","2","3.48","3","25","0","40.0","38","15","4","34","10","1.22","7.63","2.37","3.51","0.2","11334"
"Brad Ziegler","4","2","3.26","0","57","4","57.0","58","21","3","38","19","1.33","5.94","2.93","3.51","0.3","7293"
"Bryan Morris","2","1","3.57","0","27","0","27.0","26","11","2","22","9","1.29","7.26","2.95","3.52","0.0","10234"
"Casey Janssen","1","0","3.39","0","9","3","9.0","9","3","1","8","2","1.20","8.07","2.24","3.52","0.0","7355"
"Arodys Vizcaino","2","2","3.44","3","17","0","31.0","27","12","3","32","11","1.23","9.31","3.22","3.53","0.1","5498"
"Anibal Sanchez","12","9","3.64","29","29","0","174.0","158","70","18","162","51","1.21","8.42","2.64","3.53","2.7","3284"
"Andrew Cashner","10","10","3.78","27","27","0","172.0","163","72","15","146","53","1.26","7.67","2.76","3.53","1.7","8782"
"Johnny Cueto","9","8","3.47","23","23","0","147.0","137","57","15","131","40","1.21","8.03","2.47","3.53","1.9","6893"
"Ernesto Frieri","4","2","2.70","0","59","28","59.0","46","18","7","71","22","1.14","10.84","3.31","3.53","0.1","5178"
"Jeremy Affeldt","2","1","3.56","0","27","0","27.0","26","11","2","22","10","1.32","7.31","3.28","3.54","0.0","583"
"Hyun-Jin Ryu","11","10","3.59","28","28","0","172.0","160","69","16","149","52","1.24","7.81","2.70","3.55","1.7","14444"
"Rafael Montero","4","4","3.55","8","30","0","66.0","62","26","7","59","17","1.20","8.14","2.36","3.56","0.4","sa597041"
"Gio Gonzalez","11","9","3.70","27","27","0","163.0","147","67","16","160","61","1.27","8.85","3.37","3.56","2.1","7448"
"Matt Thornton","3","2","3.37","0","49","1","49.0","46","18","5","42","15","1.23","7.73","2.65","3.56","0.2","1918"
"Heath Hembree","1","1","3.53","0","18","0","18.0","16","7","2","17","7","1.28","8.40","3.33","3.56","0.0","11632"
"Brett Cecil","3","2","3.31","0","49","1","49.0","45","18","5","48","15","1.21","8.80","2.69","3.56","0.2","2660"
"Cole Hamels","8","8","3.54","21","21","0","121.0","113","48","14","109","29","1.17","8.11","2.16","3.56","1.5","4972"
"Lance Lynn","10","9","3.64","26","26","0","155.0","140","62","15","150","54","1.26","8.71","3.15","3.57","1.8","2520"
"Danny Salazar","10","8","3.51","25","25","0","147.0","129","57","17","158","50","1.22","9.66","3.09","3.57","1.9","5867"
"Matt Daley","1","0","3.27","0","9","0","9.0","8","3","1","9","2","1.16","8.71","2.34","3.57","0.0","7952"
"Tim Lincecum","9","10","3.96","26","26","0","155.0","143","68","14","144","57","1.29","8.41","3.33","3.57","1.3","5705"
"Mike Dunn","4","2","3.30","0","58","3","58.0","51","21","6","60","23","1.27","9.33","3.63","3.57","0.3","9948"
"Matt Belisle","3","2","3.75","0","49","2","49.0","51","20","5","38","11","1.27","7.07","2.09","3.58","0.4","1837"
"Aaron Crow","4","2","3.59","0","59","4","59.0","54","24","5","52","22","1.29","8.00","3.37","3.59","0.2","10149"
"Luis Avilan","3","2","3.46","0","50","1","50.0","46","19","4","43","19","1.31","7.77","3.37","3.59","0.0","2882"
"Scott Kazmir","10","8","3.56","24","24","0","147.0","133","58","16","139","46","1.22","8.52","2.83","3.60","1.9","4897"
"Casey Fien","3","2","3.33","0","41","1","41.0","38","15","5","38","11","1.21","8.40","2.44","3.61","0.3","3926"
"Joe Smith","4","2","3.51","0","59","4","59.0","56","23","5","48","19","1.28","7.33","2.94","3.61","0.0","3281"
"Aaron Loup","3","2","3.42","0","49","1","49.0","48","19","4","41","15","1.27","7.41","2.66","3.61","0.4","10343"
"Adam Ottavino","3","2","3.75","0","49","1","49.0","46","20","5","48","18","1.30","8.83","3.28","3.61","0.4","1247"
"Justin Masterson","11","10","3.90","27","27","0","173.0","166","75","13","151","65","1.33","7.88","3.39","3.61","2.2","2038"
"Alfredo Figaro","1","1","3.66","0","22","0","22.0","22","9","2","19","6","1.23","7.73","2.24","3.61","0.0","8404"
"Ryan Cook","4","2","3.45","0","59","6","59.0","51","22","5","57","23","1.27","8.76","3.55","3.61","0.1","8855"
"Jim Henderson","4","2","3.36","0","58","13","58.0","48","22","7","66","23","1.22","10.24","3.53","3.62","0.3","6653"
"Juan Gutierrez","1","0","3.71","0","9","0","9.0","9","4","1","8","3","1.25","8.11","2.67","3.62","0.0","3265"
"Masahiro Tanaka","12","9","3.56","28","28","0","172.0","164","68","22","150","31","1.14","7.88","1.64","3.62","2.6","15764"
"Rex Brothers","3","2","3.67","0","58","8","58.0","50","24","6","64","28","1.35","9.94","4.34","3.62","0.4","9794"
"Vic Black","2","1","3.41","0","27","0","27.0","22","10","3","30","12","1.28","10.14","4.11","3.63","0.0","9195"
"Blake Treinen","2","1","3.65","0","36","0","36.0","35","15","4","29","9","1.25","7.28","2.33","3.63","0.0","12572"
"J.P. Howell","3","2","3.52","0","49","1","49.0","45","19","4","43","19","1.30","7.90","3.40","3.63","0.0","8245"
"Josh Johnson","6","6","3.89","17","17","0","94.0","89","41","9","85","31","1.27","8.07","2.91","3.63","1.1","4567"
"Burch Smith","3","2","3.38","3","30","0","44.0","38","17","5","46","14","1.20","9.34","2.91","3.63","0.1","12784"
"LaTroy Hawkins","3","2","3.70","0","58","22","58.0","61","24","6","43","13","1.27","6.67","1.98","3.63","0.5","729"
"Onelki Garcia","1","0","3.43","0","9","0","9.0","8","3","1","9","4","1.30","9.35","4.08","3.63","0.0","13674"
"Dale Thayer","2","2","3.62","0","40","1","40.0","38","16","4","37","12","1.22","8.22","2.58","3.64","0.0","5032"
"Joe Nathan","4","2","3.22","0","60","31","60.0","53","21","7","58","18","1.19","8.72","2.64","3.65","0.5","1122"
"Dan Otero","2","2","3.63","0","41","1","41.0","42","16","4","27","8","1.24","6.06","1.88","3.65","0.1","7385"
"Ervin Santana","9","9","3.86","25","25","0","147.0","143","63","15","127","42","1.26","7.80","2.59","3.65","1.5","3200"
"Nick Masset","1","1","3.73","0","14","0","14.0","13","6","1","12","4","1.28","8.23","2.74","3.65","0.0","7267"
"Mike Adams","3","2","3.52","0","50","2","50.0","46","19","5","43","15","1.23","7.77","2.64","3.65","0.0","1937"
"Neil Wagner","2","2","3.44","0","40","0","40.0","37","15","4","39","13","1.24","8.67","2.99","3.65","0.3","8162"
"James Shields","12","9","3.64","28","28","0","174.0","165","70","18","148","49","1.23","7.66","2.51","3.65","2.5","7059"
"Gerrit Cole","10","10","3.91","26","26","0","155.0","147","67","13","131","54","1.30","7.65","3.16","3.65","1.5","13125"
"Tom Gorzelanny","1","0","3.32","0","9","0","9.0","8","3","1","9","3","1.21","8.91","2.84","3.66","0.0","6244"
"Jeff Samardzija","10","10","3.82","26","26","0","165.0","151","70","17","157","58","1.27","8.53","3.18","3.66","2.2","3254"
"Darren Oliver","4","2","3.51","0","58","4","58.0","56","23","6","51","16","1.23","7.95","2.42","3.66","0.1","206"
"Brandon League","2","1","3.80","0","27","0","27.0","27","11","2","19","8","1.32","6.37","2.65","3.67","0.0","3731"
"Jeff Beliveau","1","1","3.18","0","18","0","18.0","15","6","2","18","7","1.25","9.03","3.62","3.67","0.0","8504"
"Chad Bettis","2","1","3.66","0","27","0","27.0","26","11","3","24","7","1.26","8.09","2.41","3.67","0.2","10587"
"Scott Atchison","2","1","3.77","0","32","0","32.0","33","13","3","23","7","1.26","6.63","2.04","3.67","0.0","2642"
"Tim Hudson","9","9","4.00","24","24","0","137.0","145","61","11","93","36","1.31","6.10","2.35","3.68","1.1","921"
"A.J. Ramos","3","2","3.69","0","49","2","49.0","43","20","5","51","22","1.33","9.30","4.03","3.68","0.0","8350"
"Blake Wood","2","1","3.72","0","36","0","36.0","32","15","3","36","16","1.34","9.11","4.10","3.68","0.0","1345"
"Eric O'Flaherty","1","1","3.59","0","23","0","23.0","22","9","2","17","7","1.30","6.83","2.88","3.68","0.0","5746"
"Wade Davis","4","2","3.28","2","51","1","59.0","53","21","6","54","19","1.22","8.29","2.88","3.68","0.2","7441"
"Rick Porcello","11","10","3.96","29","29","0","168.0","173","74","15","118","42","1.28","6.34","2.25","3.69","2.3","2717"
"Hisashi Iwakuma","8","7","3.76","21","21","0","121.0","118","51","13","96","30","1.23","7.14","2.25","3.69","1.3","13048"
"Chad Qualls","3","3","3.93","0","58","6","58.0","60","25","5","44","17","1.31","6.85","2.61","3.69","0.1","2170"
"Carlos Torres","5","4","3.64","6","47","1","75.0","71","30","8","67","22","1.24","7.98","2.66","3.69","-0.1","7624"
"Jared Hughes","1","1","3.71","0","22","0","22.0","22","9","2","17","8","1.31","6.84","3.02","3.69","0.0","9325"
"Joba Chamberlain","3","2","3.73","0","51","2","51.0","47","21","5","46","18","1.27","8.25","3.13","3.69","0.2","2692"
"Nick Vincent","3","2","3.47","0","49","1","49.0","45","19","5","46","16","1.24","8.39","2.93","3.69","-0.1","7555"
"Ross Detwiler","2","1","3.62","0","31","0","31.0","32","13","3","24","7","1.25","6.79","2.10","3.69","0.0","2859"
"John Axford","3","2","3.74","0","59","23","59.0","54","24","6","56","22","1.31","8.64","3.41","3.70","0.1","9059"
"Brian Duensing","3","2","3.71","0","50","2","50.0","51","20","5","39","13","1.28","7.02","2.35","3.70","0.2","4064"
"David Huff","4","3","3.53","3","52","2","66.0","65","26","7","52","16","1.23","7.08","2.21","3.70","-0.2","4257"
"Kevin Quackenbush","1","1","3.63","0","18","0","18.0","16","7","2","18","8","1.31","9.08","3.86","3.70","0.0","sa598117"
"Fernando Abad","1","0","3.29","0","9","0","9.0","8","3","1","8","3","1.22","7.81","2.63","3.70","0.0","4994"
"Chris Perez","2","2","3.49","0","40","1","40.0","37","16","4","38","13","1.23","8.47","2.85","3.70","-0.1","5213"
"Sam LeCure","4","2","3.51","0","59","3","59.0","53","23","6","56","20","1.24","8.64","3.05","3.71","0.0","4664"
"Dan Jennings","3","2","3.79","0","49","1","49.0","47","21","4","43","19","1.34","7.86","3.53","3.71","0.0","8073"
"Kevin Jepsen","3","2","3.59","0","50","2","50.0","46","20","5","46","17","1.26","8.38","3.07","3.72","0.0","6475"
"Bryan Shaw","3","2","3.73","0","50","2","50.0","48","21","5","42","17","1.31","7.69","3.03","3.72","0.2","8110"
"Colt Hynes","1","0","3.47","0","9","0","9.0","9","3","1","7","2","1.21","6.94","2.08","3.72","0.0","7560"
"Jonathan Broxton","4","2","3.62","0","59","16","59.0","55","24","6","53","19","1.26","8.08","2.92","3.73","0.0","4759"
"Yimi Garcia","1","1","3.60","0","18","0","18.0","16","7","2","17","7","1.28","8.32","3.28","3.73","0.0","sa506959"
"Roberto Hernandez","6","6","3.86","17","17","0","95.0","95","41","8","72","28","1.29","6.85","2.61","3.73","1.0","3273"
"Sean Burnett","1","1","3.70","0","23","0","23.0","22","9","2","17","7","1.28","6.82","2.65","3.73","0.0","1886"
"Wilton Lopez","2","1","3.88","0","31","0","31.0","34","13","3","21","7","1.31","6.20","2.03","3.74","0.2","4227"
"Joel Hanrahan","3","2","3.70","0","49","2","49.0","45","20","5","48","18","1.30","8.81","3.38","3.74","0.0","2186"
"CC Sabathia","11","10","3.82","27","27","0","172.0","165","73","19","143","47","1.23","7.52","2.45","3.75","2.3","404"
"Luis Perez","1","1","3.62","0","22","0","22.0","21","9","2","20","8","1.30","8.05","3.24","3.75","0.0","6389"
"Jordan Zimmermann","11","10","3.76","28","28","0","163.0","163","68","19","131","36","1.22","7.25","1.98","3.75","1.8","4505"
"Vin Mazzaro","2","2","3.77","0","40","0","40.0","40","17","4","31","12","1.31","6.85","2.77","3.75","0.0","5231"
"Grant Balfour","4","2","3.25","0","58","26","58.0","50","21","6","57","22","1.23","8.77","3.33","3.75","0.1","718"
"Erik Cordier","1","0","3.71","0","9","0","9.0","8","4","1","9","4","1.35","8.91","4.24","3.75","0.0","sa254907"
"Jon Niese","8","9","3.86","23","23","0","130.0","128","56","13","103","39","1.29","7.12","2.72","3.76","1.0","4424"
"Brandon Workman","3","3","3.85","5","31","0","53.0","51","22","6","46","16","1.27","7.93","2.71","3.76","0.3","11428"
"Brandon Gomes","2","1","3.11","0","31","0","31.0","27","11","4","31","10","1.18","8.76","2.87","3.76","0.0","2267"
"Hector Rondon","4","2","3.65","0","59","18","59.0","54","24","6","55","22","1.29","8.34","3.37","3.76","0.1","2391"
"Yoervis Medina","2","2","3.68","0","41","0","41.0","36","17","3","39","19","1.34","8.61","4.12","3.76","0.1","10498"
"Homer Bailey","10","10","3.74","28","28","0","164.0","155","68","20","148","43","1.21","8.13","2.38","3.77","1.8","8362"
"Bobby LaFromboise","1","1","3.63","0","14","0","14.0","13","5","1","12","5","1.29","8.05","3.25","3.77","0.0","7758"
"Oliver Perez","3","2","3.32","0","49","2","49.0","42","18","6","50","19","1.25","9.36","3.54","3.77","0.2","1514"
"Huston Street","4","2","3.39","0","58","24","58.0","54","22","7","54","15","1.19","8.29","2.38","3.77","-0.2","8258"
"Santiago Casilla","3","2","3.84","0","58","3","58.0","56","25","5","48","23","1.36","7.38","3.56","3.77","-0.1","2873"
"Luis Garcia","2","2","3.76","0","36","0","36.0","33","15","3","34","15","1.33","8.42","3.77","3.77","0.0","6984"
"Tony Cingrani","11","9","3.35","27","27","0","164.0","133","61","21","191","70","1.24","10.45","3.85","3.77","2.1","12555"
"Carson Smith","1","1","3.56","0","14","0","14.0","12","5","1","13","5","1.28","8.88","3.60","3.77","0.0","sa598101"
"Josh Outman","2","2","3.80","0","41","1","41.0","38","17","4","37","16","1.33","8.18","3.55","3.78","0.0","4004"
"Cory Gearrin","1","1","3.76","0","14","0","14.0","13","6","1","12","5","1.34","7.79","3.51","3.78","0.0","7947"
"Charles Brewer","1","1","3.59","0","18","0","18.0","17","7","2","14","4","1.22","7.26","2.21","3.78","0.0","9155"
"Justin Verlander","12","9","3.55","28","28","0","176.0","162","70","21","161","52","1.21","8.20","2.67","3.78","2.4","8700"
"Henderson Alvarez","8","9","4.05","23","23","0","137.0","148","62","11","85","39","1.36","5.59","2.53","3.78","1.3","5669"
"Edwin Escobar","4","4","3.82","11","11","0","60.0","57","26","6","52","20","1.29","7.75","3.07","3.79","0.6","sa502902"
"Michael Tonkin","2","1","3.81","0","27","0","27.0","27","11","3","23","9","1.31","7.77","2.94","3.79","0.0","10315"
"Dan Haren","10","9","3.66","26","26","0","155.0","151","63","20","127","30","1.17","7.39","1.73","3.79","1.1","1757"
"Michael Gonzalez","1","1","3.59","0","18","0","18.0","16","7","2","17","6","1.28","8.56","3.20","3.79","0.0","1794"
"Jon Lester","12","9","3.87","27","27","0","172.0","169","74","18","144","54","1.30","7.56","2.82","3.79","2.5","4930"
"Andrew Bailey","1","0","3.21","0","13","0","13.0","12","5","2","14","4","1.19","9.36","2.92","3.80","0.0","1368"
"Jesse Chavez","8","6","3.80","15","47","0","118.0","113","50","13","97","35","1.26","7.44","2.64","3.80","0.3","5448"
"Zach Britton","3","2","3.86","0","50","1","50.0","50","21","4","38","18","1.35","6.86","3.19","3.80","0.1","3240"
"Keyvius Sampson","0","0","3.75","0","9","0","9.0","8","4","1","9","4","1.33","8.90","4.01","3.81","0.0","sa501217"
"Joakim Soria","4","2","3.57","0","58","22","58.0","54","23","7","54","19","1.27","8.34","3.02","3.81","0.4","6941"
"Marc Rzepczynski","3","2","3.97","0","50","1","50.0","50","22","4","39","19","1.38","7.02","3.42","3.81","0.0","6612"
"C.J. Wilson","11","10","4.06","28","28","0","173.0","164","78","16","150","66","1.33","7.81","3.45","3.81","1.4","3580"
"Matt Garza","9","10","3.96","26","26","0","155.0","150","68","19","140","44","1.25","8.13","2.57","3.81","1.6","3340"
"Tyler Clippard","4","2","2.99","0","58","3","58.0","49","19","8","64","20","1.18","9.82","3.08","3.81","0.0","5640"
"Jeanmar Gomez","3","3","3.91","3","39","0","53.0","54","23","5","38","16","1.32","6.42","2.75","3.81","-0.1","9033"
"Zach Duke","3","2","3.74","0","49","2","49.0","51","20","5","36","12","1.27","6.58","2.22","3.82","0.0","3840"
"Gavin Floyd","4","4","3.88","11","11","0","60.0","58","26","6","50","19","1.28","7.51","2.82","3.82","0.6","3886"
"Robbie Erlin","6","5","3.69","12","34","0","91.0","86","37","11","80","26","1.24","7.90","2.60","3.82","0.1","10354"
"Brad Lincoln","3","2","3.49","0","50","2","50.0","46","19","6","45","15","1.23","8.19","2.68","3.82","-0.1","4241"
"Matt Albers","2","2","4.00","0","40","1","40.0","40","18","3","31","14","1.36","6.99","3.22","3.82","0.0","4300"
"Corey Kluber","10","9","4.05","26","26","0","156.0","153","70","17","131","49","1.29","7.60","2.81","3.82","1.8","2429"
"Sonny Gray","10","9","4.00","25","25","0","156.0","150","69","14","125","59","1.34","7.23","3.43","3.83","1.5","12768"
"Steve Delabar","4","2","3.49","0","58","3","58.0","49","23","7","65","26","1.28","10.06","3.99","3.83","0.3","11827"
"Kameron Loe","2","2","3.93","0","41","1","41.0","44","18","4","26","10","1.33","5.71","2.28","3.83","0.0","4422"
"Noah Syndergaard","2","2","3.91","6","6","0","35.0","32","15","4","32","13","1.29","8.36","3.27","3.83","0.3","sa548169"
"Matt Cain","11","10","3.73","27","27","0","172.0","165","71","20","146","49","1.24","7.68","2.55","3.83","1.1","4732"
"T.J. McFarland","1","1","3.73","0","18","0","18.0","18","8","2","14","6","1.30","6.75","2.75","3.83","0.0","3237"
"Tommy Hunter","4","2","3.55","0","59","25","59.0","59","23","8","48","10","1.18","7.29","1.58","3.84","0.2","1157"
"Heath Bell","3","2","3.55","0","49","1","49.0","47","19","5","40","15","1.25","7.30","2.69","3.84","-0.1","2080"
"Charlie Morton","10","10","4.01","27","27","0","163.0","169","73","11","110","54","1.37","6.07","2.97","3.84","1.2","4676"
"Rafael Soriano","4","2","3.52","0","58","29","58.0","56","23","7","51","16","1.24","7.85","2.55","3.84","0.1","1100"
"Mario Hollands","2","1","3.70","0","27","0","27.0","26","11","3","22","9","1.29","7.35","2.85","3.84","0.0","10504"
"Tyson Ross","9","10","4.09","25","25","0","146.0","138","66","13","126","59","1.35","7.80","3.66","3.84","1.0","7872"
"Jenrry Mejia","7","9","4.16","23","23","0","130.0","125","60","12","110","52","1.36","7.63","3.58","3.84","0.8","8476"
"Luke Gregerson","3","2","3.66","0","50","1","50.0","48","20","5","38","14","1.25","6.99","2.56","3.85","0.1","4090"
"Gonzalez Germen","4","2","3.47","0","59","3","59.0","54","23","7","53","18","1.23","8.13","2.78","3.85","-0.2","5876"
"Scott Rice","3","2","3.71","0","50","1","50.0","47","20","4","40","20","1.36","7.19","3.71","3.85","-0.2","2743"
"Jeurys Familia","3","2","3.80","0","50","2","50.0","45","21","5","47","21","1.33","8.56","3.79","3.85","-0.2","5114"
"Frank Francisco","2","1","3.70","0","36","0","36.0","33","15","4","33","12","1.27","8.24","3.06","3.85","0.0","1933"
"Jacob Degrom","1","1","3.74","0","14","0","14.0","13","6","2","11","4","1.25","7.14","2.36","3.85","0.0","sa548447"
"Brett Anderson","7","6","4.21","18","18","0","102.0","107","48","8","78","39","1.42","6.86","3.40","3.86","1.6","8223"
"Rich Hill","1","1","3.83","0","14","0","14.0","12","6","1","13","6","1.35","8.96","4.01","3.87","0.0","4806"
"Nick Hagadone","1","1","3.55","0","23","0","23.0","20","9","2","23","10","1.34","9.11","4.03","3.87","0.0","1351"
"Juan Oviedo","2","1","3.41","0","27","0","27.0","25","10","3","24","7","1.20","8.00","2.50","3.87","0.0","2886"
"Carlos Marmol","2","2","3.80","0","40","1","40.0","34","17","4","44","22","1.38","9.72","4.90","3.88","-0.1","2790"
"Bartolo Colon","9","11","3.98","26","26","0","164.0","172","73","21","118","29","1.23","6.46","1.62","3.88","0.9","375"
"Dominic Leone","2","1","3.73","0","32","0","32.0","29","13","3","28","12","1.31","8.07","3.46","3.88","0.0","13763"
"Shelby Miller","10","9","3.79","26","26","0","146.0","133","62","17","141","55","1.29","8.73","3.40","3.88","1.0","10197"
"Stephen Pryor","1","1","3.69","0","23","0","23.0","20","9","2","22","10","1.32","8.94","3.98","3.89","0.0","10663"
"Blake Parker","2","1","3.56","0","32","0","32.0","28","13","4","32","12","1.27","8.97","3.40","3.90","0.0","5224"
"Wandy Rodriguez","8","9","4.02","24","24","0","137.0","140","61","14","98","38","1.30","6.43","2.51","3.90","0.9","2586"
"Wade Miley","10","10","4.08","27","27","0","169.0","170","77","18","130","54","1.32","6.90","2.84","3.90","1.7","8779"
"Jose Valverde","3","2","3.65","0","59","22","59.0","54","24","7","55","21","1.27","8.37","3.16","3.91","-0.1","1726"
"Joe Thatcher","2","2","3.65","0","40","1","40.0","38","16","5","35","12","1.25","7.90","2.75","3.91","0.0","4620"
"Josh Lueke","2","1","3.54","0","36","0","36.0","33","14","4","32","12","1.25","8.00","2.93","3.91","-0.1","5722"
"John Lackey","11","10","4.01","29","29","0","169.0","169","75","20","138","44","1.26","7.34","2.35","3.91","2.2","1507"
"Danny Duffy","5","4","3.49","9","32","0","75.0","65","29","8","75","31","1.29","8.98","3.76","3.91","0.2","3542"
"Scott Downs","3","2","3.96","0","49","1","49.0","49","22","4","37","20","1.40","6.76","3.63","3.91","0.1","773"
"Yovani Gallardo","10","11","4.21","27","27","0","172.0","169","80","19","146","59","1.33","7.68","3.12","3.92","1.5","8173"
"Mat Latos","7","8","3.88","21","21","0","121.0","114","52","15","107","36","1.24","7.95","2.67","3.92","1.0","3815"
"Lisalverto Bonilla","1","1","3.83","0","13","0","13.0","12","6","2","13","6","1.34","8.94","3.78","3.92","0.0","sa507277"
"Anthony Varvaro","2","1","3.93","0","32","0","32.0","30","14","3","27","13","1.36","7.66","3.62","3.92","-0.1","2385"
"Vinnie Pestano","2","1","3.66","0","27","2","27.0","25","11","3","26","10","1.29","8.54","3.30","3.93","-0.1","4782"
"Shawn Kelley","4","2","3.37","0","58","3","58.0","52","22","8","58","18","1.21","9.05","2.86","3.93","0.0","7773"
"Dane de la Rosa","1","1","3.85","0","18","0","18.0","17","8","2","15","8","1.35","7.62","3.75","3.93","-0.1","10095"
"Joe Wieland","1","1","4.03","2","2","0","9.0","8","4","1","7","2","1.27","7.60","2.60","3.93","0.1","6109"
"Gus Schlosser","3","2","3.87","2","38","0","45.0","45","19","5","35","13","1.29","7.09","2.64","3.93","0.0","12321"
"Rubby de la Rosa","1","1","3.93","0","18","0","18.0","17","8","2","17","7","1.35","8.33","3.66","3.93","0.0","3862"
"Fernando Rodriguez","1","1","3.57","0","18","0","18.0","16","7","2","17","7","1.28","8.34","3.33","3.94","0.0","7558"
"Jose Veras","3","2","3.68","0","50","8","50.0","44","20","5","48","21","1.31","8.72","3.86","3.94","0.0","2063"
"Matt Wisler","2","2","4.05","5","5","0","26.0","25","12","3","23","9","1.30","7.90","3.13","3.94","0.2","sa601046"
"Everett Teaford","1","1","3.63","0","18","0","18.0","17","7","2","15","6","1.29","7.30","2.98","3.94","0.0","3732"
"Nathan Eovaldi","8","11","4.17","25","25","0","155.0","153","72","15","125","58","1.36","7.27","3.36","3.94","1.3","9132"
"Steven Matz","1","0","3.71","0","9","0","9.0","8","4","1","8","3","1.32","8.02","3.48","3.94","0.0","sa500832"
"Mike Minor","9","8","3.71","23","23","0","130.0","124","53","17","117","38","1.25","8.09","2.65","3.94","1.0","10021"
"Ronald Belisario","3","2","4.12","0","49","2","49.0","49","23","4","38","20","1.40","6.90","3.61","3.95","0.0","2203"
"Brandon McCarthy","9","10","4.18","26","26","0","152.0","163","71","17","98","31","1.27","5.78","1.81","3.95","1.5","4662"
"Jerry Blevins","3","2","3.38","0","40","1","40.0","37","15","5","38","13","1.25","8.41","2.91","3.95","0.0","7841"
"Alberto Cabrera","1","1","3.78","0","23","0","23.0","21","10","2","21","9","1.33","8.27","3.66","3.95","0.0","8352"
"Tim Collins","2","2","3.62","0","41","1","41.0","35","16","4","41","20","1.33","9.05","4.30","3.95","0.0","3164"
"Sam Freeman","2","1","3.77","0","27","0","27.0","25","11","3","23","11","1.35","7.84","3.72","3.95","-0.1","6832"
"Robbie Ross","6","5","4.04","13","35","0","100.0","100","45","9","77","37","1.37","6.99","3.35","3.95","0.6","6819"
"Joe Paterson","1","1","3.65","0","22","0","22.0","21","9","2","19","8","1.29","7.63","3.13","3.96","0.0","2565"
"Frank Herrmann","1","0","3.74","0","9","0","9.0","9","4","1","8","3","1.27","7.67","2.58","3.96","0.0","7960"
"Arnold Leon","1","0","3.76","0","9","0","9.0","9","4","1","6","2","1.24","6.46","2.02","3.96","0.0","sa421188"
"Tom Wilhelmsen","3","3","3.99","0","59","3","59.0","55","26","6","52","24","1.34","7.99","3.63","3.96","-0.1","9975"
"Chris Reed","1","1","3.75","0","13","0","13.0","12","6","1","12","6","1.34","8.17","3.88","3.96","0.0","sa578869"
"Drew Hutchison","10","9","4.03","26","26","0","146.0","137","65","17","135","52","1.30","8.32","3.22","3.96","1.7","10732"
"Michael Kohn","3","2","3.34","0","41","1","41.0","35","15","5","42","16","1.26","9.41","3.59","3.97","0.0","8505"
"Edwin Jackson","8","10","4.29","25","25","0","148.0","149","71","16","116","49","1.34","7.08","2.99","3.97","1.3","1841"
"Burke Badenhop","3","2","4.08","0","49","1","49.0","54","22","5","30","13","1.35","5.57","2.31","3.98","0.1","9736"
"Lucas Luetge","2","1","3.87","0","27","0","27.0","26","12","3","23","11","1.36","7.56","3.80","3.98","0.0","8337"
"Tyler Thornburg","4","3","3.80","5","45","0","66.0","61","28","8","64","24","1.28","8.69","3.22","3.98","0.0","10688"
"Josh Zeid","1","1","4.00","0","18","0","18.0","17","8","2","17","8","1.37","8.39","3.90","3.99","0.0","6527"
"Jeff Locke","3","3","4.12","9","9","0","52.0","50","24","4","40","22","1.40","7.07","3.83","3.99","0.4","2929"
"John Lannan","2","1","3.93","0","32","0","32.0","33","14","3","20","9","1.34","5.84","2.63","3.99","-0.2","7080"
"Darin Downs","1","0","3.87","0","9","0","9.0","9","4","1","8","3","1.32","7.75","3.10","3.99","0.0","5903"
"Anthony Swarzak","3","2","4.11","0","50","1","50.0","53","23","6","36","13","1.33","6.62","2.41","4.00","-0.1","7466"
"Dallas Keuchel","7","7","4.25","18","27","0","112.0","117","53","11","78","37","1.38","6.23","2.97","4.00","0.7","9434"
"Pedro Feliciano","2","1","3.75","0","27","0","27.0","26","11","3","22","8","1.28","7.16","2.76","4.00","-0.1","1601"
"Clay Buchholz","8","7","4.21","20","20","0","120.0","122","56","13","96","39","1.34","7.17","2.94","4.00","1.4","3543"
"Evan Scribner","2","2","3.77","0","36","0","36.0","35","15","4","29","11","1.28","7.27","2.71","4.00","-0.1","7525"
"Trevor Cahill","9","10","4.22","25","25","0","144.0","143","67","12","108","59","1.40","6.75","3.69","4.00","1.3","6249"
"David Phelps","4","3","3.79","5","45","0","66.0","61","28","8","62","23","1.28","8.43","3.13","4.00","0.1","6316"
"Yordano Ventura","9","8","3.91","23","23","0","131.0","118","57","14","120","55","1.33","8.28","3.83","4.01","1.6","11855"
"Jared Burton","3","2","3.81","0","59","4","59.0","58","25","6","48","19","1.31","7.34","2.96","4.01","0.1","8346"
"Ryan Mattheus","1","1","4.16","0","22","0","22.0","23","10","2","16","7","1.38","6.30","2.99","4.01","-0.1","7169"
"Aaron Northcraft","1","1","3.87","0","23","0","23.0","22","10","2","19","8","1.33","7.63","3.32","4.01","-0.1","sa501597"
"Edward Mujica","3","2","4.03","0","49","6","49.0","52","22","6","34","10","1.27","6.29","1.83","4.01","0.0","3970"
"Carlos Carrasco","6","7","4.29","18","18","0","104.0","105","49","11","83","36","1.36","7.18","3.12","4.01","0.6","6632"
"Trevor Bell","0","0","3.89","0","9","0","9.0","9","4","1","7","3","1.31","7.36","3.02","4.02","0.0","7074"
"Josh Fields","3","2","3.61","0","58","24","58.0","52","23","7","58","24","1.31","9.03","3.71","4.02","0.3","5070"
"Marcus Stroman","2","2","4.09","6","6","0","34.0","33","16","4","31","12","1.30","8.25","3.13","4.02","0.2","sa501969"
"Derek Holland","6","5","4.05","15","15","0","86.0","85","39","11","74","27","1.31","7.74","2.81","4.02","0.6","4141"
"Josh Beckett","6","7","4.06","18","18","0","103.0","99","46","12","87","33","1.28","7.63","2.86","4.02","0.4","510"
"Garrett Richards","10","10","4.34","26","26","0","156.0","158","75","14","114","60","1.40","6.58","3.46","4.03","0.9","9784"
"Ian Krol","2","1","3.74","0","32","0","32.0","31","13","4","27","10","1.27","7.67","2.79","4.03","0.0","10066"
"Louis Coleman","2","1","3.32","0","32","0","32.0","28","12","4","30","12","1.26","8.49","3.33","4.03","0.0","9720"
"Henry Rodriguez","1","1","4.19","0","14","0","14.0","12","6","1","14","8","1.43","9.48","5.20","4.03","0.0","6371"
"Alexi Ogando","3","2","3.71","0","49","1","49.0","48","20","7","42","13","1.25","7.77","2.43","4.04","0.1","10261"
"Cody Eppley","0","0","4.10","0","9","0","9.0","9","4","1","6","4","1.43","6.40","3.83","4.04","0.0","9095"
"Antonio Bastardo","4","2","3.44","0","59","4","59.0","50","22","8","64","25","1.28","9.79","3.86","4.04","-0.2","8844"
"Paul Maholm","5","5","4.13","14","14","0","77.0","81","35","7","50","23","1.35","5.82","2.64","4.05","0.3","8678"
"Drew Smyly","8","7","3.93","22","22","0","123.0","117","54","15","109","43","1.30","7.91","3.15","4.05","1.2","11760"
"Samuel Deduno","4","5","4.48","8","39","0","75.0","78","37","5","56","34","1.49","6.77","4.06","4.05","0.1","5285"
"Eury De la Rosa","1","1","3.74","0","13","0","13.0","12","6","2","12","5","1.33","8.22","3.66","4.05","0.0","4055"
"Evan Reed","3","2","4.03","0","51","1","51.0","49","23","5","42","19","1.35","7.40","3.44","4.05","0.0","1349"
"Phil Coke","2","2","3.97","0","41","0","41.0","41","18","5","32","14","1.33","6.89","3.03","4.05","0.1","5535"
"Dan Runzler","1","1","4.00","0","13","0","13.0","12","6","1","12","7","1.43","8.27","4.70","4.06","0.0","4080"
"Jason Frasor","3","2","3.97","0","49","1","49.0","47","22","6","45","19","1.33","8.14","3.41","4.06","0.0","1906"
"Joel Peralta","3","2","3.34","0","49","2","49.0","43","18","7","48","17","1.22","8.74","3.09","4.06","-0.1","2332"
"Mike Fiers","2","2","3.82","3","16","0","31.0","29","13","4","28","9","1.25","8.14","2.60","4.06","0.0","7754"
"Octavio Dotel","1","1","3.83","0","23","0","23.0","23","10","3","19","6","1.25","7.41","2.43","4.06","-0.1","555"
"Kyle Zimmer","2","2","3.99","5","5","0","26.0","24","12","3","23","10","1.32","7.95","3.47","4.06","0.2","sa621583"
"Jose Cisnero","1","1","3.97","0","13","0","13.0","12","6","2","13","6","1.36","8.82","4.01","4.06","0.0","6399"
"Kevin Slowey","3","3","3.89","5","36","0","57.0","59","25","8","43","12","1.25","6.84","1.92","4.06","0.0","9918"
"Josh Edgin","2","2","3.87","0","36","0","36.0","34","15","4","33","15","1.34","8.27","3.68","4.06","-0.1","10796"
"Matt Lindstrom","3","3","4.19","0","58","6","58.0","60","27","6","44","19","1.35","6.80","2.95","4.07","0.0","4604"
"Hiroki Kuroda","11","10","4.03","29","29","0","169.0","171","76","21","124","41","1.26","6.58","2.20","4.07","1.7","3283"
"James Paxton","7","7","4.21","18","18","0","104.0","98","49","10","87","46","1.39","7.56","3.98","4.07","0.8","11828"
"Troy Patton","1","1","3.73","0","14","0","14.0","13","6","2","11","4","1.27","6.98","2.57","4.08","-0.1","8368"
"Joe Kelly","7","8","4.32","18","36","0","121.0","125","58","11","85","44","1.40","6.29","3.26","4.08","-0.2","9761"
"Pat Neshek","2","1","3.77","0","31","0","31.0","30","13","4","26","10","1.29","7.49","2.96","4.08","-0.1","4682"
"Jeff Francis","1","1","4.04","3","3","0","17.0","17","8","2","12","4","1.28","6.53","2.35","4.09","0.1","4684"
"Joe Savery","1","0","3.89","0","9","0","9.0","9","4","1","7","4","1.36","7.10","3.50","4.09","0.0","2835"
"Rafael Betancourt","3","3","3.90","0","58","22","58.0","58","25","9","51","15","1.26","7.99","2.28","4.09","-0.2","177"
"Liam Hendriks","1","1","3.97","0","14","0","14.0","14","6","2","10","2","1.24","6.53","1.65","4.10","-0.1","3548"
"Rob Scahill","1","1","4.14","0","22","0","22.0","23","10","3","18","8","1.37","7.48","3.18","4.10","-0.1","9286"
"Ryan Brasier","1","0","3.96","0","9","0","9.0","9","4","1","7","3","1.33","7.36","3.20","4.10","0.0","5615"
"Matt Shoemaker","3","3","4.05","5","36","0","57.0","60","26","7","40","13","1.26","6.21","1.96","4.10","-0.2","4776"
"Justin De Fratus","1","1","3.94","0","18","0","18.0","17","8","2","15","7","1.33","7.52","3.34","4.10","0.0","4955"
"Tommy Milone","9","8","3.79","23","32","0","139.0","139","58","19","105","31","1.23","6.79","2.02","4.11","1.0","7608"
"Daniel Schlereth","1","1","3.96","0","14","0","14.0","13","6","1","12","7","1.40","7.93","4.26","4.11","-0.1","8739"
"Ian Kennedy","10","11","3.92","28","28","0","172.0","163","75","23","153","54","1.26","8.00","2.82","4.11","0.5","6986"
"Joe Ortiz","0","0","3.98","0","9","0","9.0","9","4","1","7","3","1.33","6.86","2.72","4.11","0.0","7955"
"Edinson Volquez","6","7","4.49","18","18","0","103.0","103","51","10","79","43","1.42","6.86","3.74","4.11","0.4","3990"
"Tim Byrdak","2","1","3.75","0","32","0","32.0","29","13","4","29","13","1.33","8.16","3.61","4.11","-0.1","1995"
"Chris Capuano","6","5","4.04","11","42","0","91.0","94","41","12","69","23","1.29","6.80","2.30","4.12","0.1","1701"
"Ivan Nova","10","10","4.21","27","27","0","155.0","156","72","17","118","50","1.33","6.89","2.89","4.12","1.4","1994"
"Daniel Webb","2","2","4.07","0","40","3","40.0","37","18","4","37","19","1.39","8.33","4.17","4.12","0.1","10558"
"Zach Lee","1","1","4.18","2","2","0","9.0","8","4","1","7","3","1.32","7.16","2.97","4.12","0.1","sa548182"
"Jeff Karstens","10","11","4.24","28","28","0","172.0","181","81","21","117","40","1.29","6.12","2.12","4.12","1.0","5879"
"Neftali Feliz","2","1","3.64","0","31","7","31.0","29","13","4","30","12","1.31","8.69","3.47","4.12","-0.1","18"
"Keith Butler","2","2","3.95","0","40","1","40.0","39","18","5","34","16","1.35","7.66","3.56","4.14","-0.3","10080"
"J.J. Hoover","3","2","3.48","0","50","1","50.0","43","19","7","51","19","1.26","9.35","3.53","4.14","0.2","9037"
"Taylor Jordan","7","8","4.38","20","20","0","112.0","120","54","12","72","31","1.36","5.79","2.53","4.14","0.8","10466"
"Nick Maronde","2","2","3.97","0","36","0","36.0","33","16","4","33","17","1.39","8.15","4.25","4.14","-0.2","12530"
"Kyle Drabek","1","1","4.11","0","18","0","18.0","18","8","2","14","7","1.38","6.92","3.28","4.14","-0.1","4359"
"Mike Leake","9","10","4.15","26","26","0","147.0","154","68","18","99","37","1.30","6.09","2.29","4.14","0.8","10130"
"Chris Archer","9","9","4.14","25","25","0","155.0","144","71","16","131","66","1.36","7.61","3.82","4.14","0.8","6345"
"Kevin Gausman","5","5","4.19","14","14","0","78.0","77","36","10","68","26","1.31","7.81","2.97","4.14","0.4","14107"
"Jameson Taillon","1","1","4.22","2","2","0","9.0","8","4","1","7","3","1.36","7.23","3.41","4.14","0.1","sa548151"
"Darren O'Day","3","2","3.70","0","59","7","59.0","57","24","8","51","16","1.23","7.82","2.44","4.14","-0.1","3321"
"Marco Estrada","9","9","3.91","24","24","0","137.0","132","60","21","124","38","1.24","8.15","2.52","4.15","0.9","1118"
"Matt Capps","1","1","4.05","0","14","0","14.0","14","6","2","10","3","1.30","6.52","2.22","4.15","-0.1","4788"
"Wilmer Font","0","0","4.03","0","9","0","9.0","8","4","1","10","5","1.42","9.71","5.00","4.15","0.0","5257"
"Fernando Salas","3","2","3.78","0","50","2","50.0","48","21","7","44","15","1.27","7.92","2.78","4.15","-0.3","4971"
"Tyler Skaggs","9","8","4.04","24","24","0","138.0","133","62","16","114","53","1.34","7.42","3.45","4.15","0.7","10190"
"Buddy Boshers","1","0","3.94","0","9","0","9.0","8","4","1","8","4","1.41","8.01","4.34","4.15","0.0","8490"
"Shawn Tolleson","2","2","4.05","0","36","0","36.0","35","16","4","32","14","1.36","7.97","3.47","4.15","0.1","10481"
"Logan Ondrusek","2","2","3.91","0","36","0","36.0","35","16","4","30","13","1.32","7.59","3.17","4.16","0.0","3677"
"Anthony Bass","4","3","4.25","3","52","2","66.0","69","31","8","48","21","1.35","6.56","2.78","4.16","-0.2","7982"
"Drake Britton","1","1","4.03","0","22","0","22.0","22","10","2","18","9","1.39","7.32","3.61","4.16","-0.1","2868"
"Collin McHugh","0","0","4.01","0","9","0","9.0","9","4","1","7","2","1.28","7.13","2.35","4.16","0.0","7531"
"Chad Billingsley","1","1","4.23","3","3","0","17.0","17","8","2","13","6","1.34","6.98","3.12","4.16","0.1","5842"
"Jason Hammel","8","10","4.19","24","24","0","139.0","138","65","16","109","47","1.33","7.04","3.06","4.16","1.2","4538"
"Zack Wheeler","8","10","4.23","24","24","0","147.0","137","69","16","133","65","1.37","8.15","3.98","4.17","0.4","10310"
"Luke Putkonen","2","2","4.20","0","37","0","37.0","38","17","4","27","12","1.36","6.62","3.04","4.17","0.1","6736"
"Phil Irwin","1","1","4.22","2","2","0","9.0","9","4","1","6","3","1.33","6.39","2.75","4.17","0.0","9489"
"Tyler Chatwood","8","8","4.58","22","22","0","128.0","137","65","13","92","49","1.46","6.48","3.46","4.17","1.5","4338"
"Ryan Webb","2","2","4.20","0","41","1","41.0","43","19","4","27","13","1.37","6.02","2.91","4.18","-0.1","7474"
"Donnie Joseph","2","1","3.88","0","27","0","27.0","23","12","3","27","15","1.42","9.07","5.08","4.18","-0.1","6491"
"Drew Pomeranz","5","5","4.04","11","38","0","88.0","82","39","10","77","38","1.36","7.88","3.88","4.18","0.0","11426"
"Brandon Cumpton","2","2","4.21","3","21","0","35.0","36","16","4","24","11","1.36","6.11","2.89","4.18","-0.1","11366"
"Michael Mariot","1","0","3.95","0","9","0","9.0","9","4","1","7","3","1.33","6.80","3.04","4.19","0.0","10835"
"Stolmy Pimentel","2","1","3.90","0","31","0","31.0","31","14","4","24","10","1.32","6.80","2.90","4.19","-0.1","6415"
"Jake Peavy","10","8","3.93","24","24","0","137.0","137","60","20","114","36","1.26","7.47","2.35","4.20","1.4","1051"
"Kris Johnson","0","0","4.20","0","9","0","9.0","9","4","1","6","3","1.38","6.52","2.99","4.20","0.0","886"
"Felix Doubront","9","9","4.35","24","24","0","137.0","135","66","15","115","57","1.40","7.53","3.75","4.20","1.2","1478"
"Dellin Betances","3","2","4.02","0","49","2","49.0","41","22","5","53","28","1.41","9.71","5.15","4.20","-0.1","6216"
"Brian Flynn","1","2","4.36","5","5","0","26.0","26","12","3","20","10","1.40","6.87","3.55","4.20","0.1","12027"
"Taijuan Walker","6","5","4.18","15","15","0","86.0","80","40","10","80","38","1.36","8.33","3.95","4.21","0.4","11836"
"Caleb Thielbar","2","2","3.83","0","36","0","36.0","35","15","5","31","12","1.33","7.78","3.10","4.21","-0.2","10078"
"Todd Redmond","3","2","3.79","3","39","0","53.0","51","22","8","48","14","1.24","8.11","2.43","4.23","0.0","9943"
"Vidal Nuno","3","2","3.84","3","34","0","48.0","48","21","7","39","14","1.27","7.21","2.53","4.23","-0.1","9674"
"Brandon Morrow","9","9","4.25","25","25","0","146.0","143","69","20","129","50","1.32","7.98","3.09","4.23","1.0","9346"
"Jose Quintana","10","11","4.20","28","28","0","172.0","172","80","22","137","57","1.33","7.20","2.97","4.23","1.3","11423"
"J.R. Graham","1","1","4.36","2","2","0","9.0","9","4","1","6","3","1.36","6.71","3.00","4.23","0.0","sa579841"
"Steve Johnson","1","0","3.73","0","9","0","9.0","8","4","1","9","3","1.29","8.75","3.44","4.24","0.0","4053"
"Sam Dyson","1","1","4.35","0","18","0","18.0","19","9","2","11","6","1.41","5.67","3.01","4.24","-0.1","11710"
"Donnie Veal","2","2","4.09","0","36","0","36.0","33","16","4","35","18","1.41","8.68","4.51","4.24","0.0","4741"
"Chad Durbin","0","0","4.06","0","9","0","9.0","9","4","1","7","3","1.35","7.09","3.21","4.24","0.0","1442"
"Wily Peralta","7","9","4.49","23","23","0","129.0","130","64","13","101","55","1.44","7.09","3.86","4.24","0.7","7738"
"Ryan Rowland-Smith","2","2","4.01","0","35","0","35.0","35","16","4","28","13","1.36","7.20","3.37","4.24","-0.1","3245"
"Ricky Nolasco","9","12","4.65","27","27","0","173.0","193","89","22","113","43","1.36","5.90","2.23","4.25","1.1","3830"
"Jimmy Nelson","2","2","4.28","3","21","0","35.0","33","17","4","33","17","1.41","8.38","4.25","4.25","-0.1","10547"
"Jake Arrieta","3","4","4.30","9","9","0","52.0","50","25","6","45","23","1.39","7.70","3.94","4.25","0.2","4153"
"Curtis Partch","2","1","3.95","0","32","0","32.0","29","14","4","28","12","1.33","8.13","3.54","4.26","-0.1","1333"
"Brian Matusz","3","2","3.84","0","50","3","50.0","48","21","7","42","16","1.29","7.60","2.94","4.26","0.0","2646"
"Tanner Roark","6","7","4.38","18","18","0","103.0","107","50","13","76","33","1.36","6.62","2.84","4.26","0.6","8753"
"Vance Worley","1","2","4.40","5","5","0","26.0","28","13","3","17","8","1.37","5.82","2.80","4.27","0.1","6435"
"Jeff Manship","2","2","4.39","2","24","0","31.0","33","15","4","22","10","1.38","6.22","2.97","4.27","-0.2","6865"
"Michael Blazek","1","1","4.16","0","27","0","27.0","25","12","3","26","13","1.42","8.60","4.49","4.27","-0.2","9654"
"Jorge de la Rosa","10","10","4.49","27","27","0","170.0","177","85","20","132","63","1.41","6.95","3.32","4.27","1.9","2047"
"Rob Wooten","2","1","4.18","0","31","0","31.0","32","15","4","24","10","1.35","6.77","2.88","4.27","-0.2","8532"
"Cesar Ramos","5","4","4.08","8","48","1","83.0","81","38","9","62","31","1.35","6.65","3.38","4.28","-0.3","3357"
"Scott Diamond","3","4","4.75","8","30","0","66.0","77","35","7","34","17","1.43","4.60","2.33","4.28","-0.2","5089"
"Francisley Bueno","2","2","4.03","0","36","0","36.0","37","16","4","24","13","1.37","5.91","3.10","4.29","-0.1","5980"
"Julio Teheran","10","11","4.00","27","27","0","173.0","170","77","24","141","52","1.29","7.35","2.72","4.29","0.7","6797"
"Jeff Walters","1","1","4.17","0","18","0","18.0","18","8","2","13","6","1.36","6.66","3.10","4.29","-0.1","sa328221"
"Jordan Lyles","3","3","4.58","9","9","0","51.0","56","26","6","35","16","1.41","6.18","2.79","4.29","0.5","7593"
"Dillon Gee","9","12","4.29","28","28","0","164.0","169","78","21","121","47","1.31","6.61","2.57","4.29","0.3","7396"
"Rudy Owens","0","0","4.12","0","9","0","9.0","9","4","1","6","2","1.32","6.35","2.41","4.29","-0.1","sa328313"
"Christian Friedrich","1","1","4.44","1","1","0","9.0","9","4","1","7","3","1.39","7.41","3.19","4.29","0.0","7942"
"Kevin Gregg","3","2","4.13","0","50","4","50.0","48","23","6","42","22","1.40","7.66","3.94","4.29","-0.3","1793"
"Alfredo Simon","4","5","4.16","9","36","0","79.0","79","36","10","60","26","1.33","6.88","2.96","4.30","-0.2","2155"
"Matt Harrison","8","8","4.49","23","23","0","129.0","137","64","15","88","43","1.40","6.15","3.00","4.30","0.5","5551"
"B.J. Rosenberg","2","1","4.02","0","32","0","32.0","30","14","4","27","11","1.33","7.72","3.27","4.31","-0.1","7183"
"Juan Nicasio","9","9","4.54","25","25","0","153.0","161","77","20","121","52","1.39","7.10","3.06","4.31","1.6","7731"
"Donn Roach","2","1","4.27","0","31","0","31.0","33","15","4","20","9","1.36","5.72","2.64","4.31","-0.2","10620"
"P.J. Walters","1","1","4.34","0","18","0","18.0","19","9","2","13","6","1.39","6.56","2.94","4.31","-0.1","9557"
"Logan Bawcom","0","0","4.18","0","9","0","9.0","9","4","1","8","4","1.41","7.72","4.21","4.31","-0.1","sa549287"
"Ryan Buchter","1","1","4.26","0","27","0","27.0","23","13","2","28","18","1.53","9.22","5.99","4.31","-0.2","sa326487"
"Ryan Vogelsong","6","7","4.38","18","18","0","103.0","106","50","12","74","35","1.37","6.48","3.08","4.31","0.2","1011"
"Greg Burke","1","1","4.41","0","18","0","18.0","19","9","2","13","7","1.42","6.60","3.28","4.32","-0.1","6282"
"Alex Wilson","0","0","4.23","0","9","0","9.0","9","4","1","7","4","1.40","7.35","3.54","4.34","-0.1","9239"
"Angel Castro","1","1","4.39","2","10","0","18.0","18","9","2","12","6","1.39","6.18","3.15","4.34","-0.1","sa327728"
"Jerome Williams","7","8","4.61","18","40","0","125.0","135","64","15","84","39","1.39","6.00","2.83","4.34","0.0","1137"
"Mike Kickham","0","1","4.60","2","2","0","9.0","9","4","1","6","4","1.47","6.69","4.19","4.34","0.0","11618"
"A.J. Griffin","8","7","3.87","21","21","0","121.0","119","52","18","97","33","1.26","7.22","2.49","4.35","0.4","11132"
"Donovan Hand","0","0","4.30","0","9","0","9.0","9","4","1","6","3","1.36","6.22","2.70","4.35","-0.1","8728"
"Craig Breslow","2","2","4.12","0","36","0","36.0","37","16","4","25","12","1.39","6.38","3.09","4.35","-0.1","4363"
"Preston Claiborne","1","1","4.07","0","22","0","22.0","22","10","3","18","8","1.35","7.34","3.40","4.35","-0.2","10500"
"Brandon Maurer","4","4","4.38","9","18","0","61.0","60","30","7","49","24","1.38","7.28","3.56","4.36","-0.1","4878"
"Kyle Gibson","6","9","4.77","21","21","0","121.0","131","64","13","81","46","1.46","6.01","3.39","4.37","0.7","10123"
"Carlos Villanueva","7","9","4.25","20","38","0","131.0","131","62","18","104","42","1.32","7.11","2.89","4.37","0.4","4138"
"Jose Alvarez","5","5","4.32","11","38","0","88.0","91","42","11","59","26","1.34","6.06","2.70","4.37","-0.5","5358"
"Phillippe Aumont","0","0","4.45","0","9","0","9.0","8","4","1","9","6","1.53","8.82","5.82","4.37","-0.1","5362"
"Jake Petricka","0","0","4.52","0","9","0","9.0","9","4","1","7","5","1.50","7.20","4.64","4.37","0.0","10534"
"Ryan Pressly","0","0","4.50","0","9","0","9.0","10","5","1","6","3","1.44","6.36","3.32","4.37","-0.1","7005"
"John Gast","0","1","4.51","2","2","0","9.0","9","4","1","6","4","1.44","6.38","3.74","4.39","0.0","11133"
"Jose Arredondo","0","0","4.21","0","9","0","9.0","8","4","1","8","5","1.43","8.28","4.62","4.40","-0.1","4722"
"Phil Hughes","9","10","4.24","25","25","0","147.0","152","69","23","119","41","1.31","7.27","2.50","4.40","1.0","7450"
"Scott Feldman","8","11","4.66","25","25","0","155.0","166","80","19","103","48","1.39","6.02","2.82","4.40","0.6","6283"
"Dan Straily","10","9","4.02","25","25","0","147.0","141","66","20","122","52","1.32","7.48","3.19","4.40","0.8","9460"
"Mark Buehrle","10","10","4.38","27","27","0","172.0","187","83","24","108","41","1.33","5.67","2.15","4.41","0.9","225"
"Cory Rasmus","0","0","4.22","0","9","0","9.0","8","4","1","8","5","1.43","8.37","4.60","4.42","-0.1","2413"
"Kyle Lohse","9","12","4.41","28","28","0","172.0","184","84","26","120","40","1.30","6.30","2.09","4.42","0.7","739"
"Brad Peacock","6","6","4.33","12","48","0","104.0","101","50","14","94","44","1.38","8.11","3.76","4.42","-0.1","5401"
"Zach McAllister","9","10","4.56","26","26","0","147.0","153","74","21","114","48","1.37","6.99","2.97","4.42","0.5","2895"
"Dylan Bundy","1","1","4.36","3","3","0","17.0","17","8","2","15","7","1.35","7.74","3.39","4.42","0.0","12917"
"Brad Brach","0","0","4.07","0","9","0","9.0","9","4","1","8","3","1.34","8.10","3.48","4.42","-0.1","6627"
"James Russell","3","2","3.85","0","50","1","50.0","49","21","7","40","17","1.33","7.20","3.14","4.43","-0.3","4089"
"Martin Perez","9","10","4.68","25","25","0","155.0","165","80","18","105","59","1.46","6.14","3.46","4.43","1.1","6902"
"Kyle Kendrick","7","10","4.53","22","22","0","130.0","139","65","17","83","37","1.36","5.78","2.57","4.44","0.3","6230"
"Randall Delgado","7","8","4.40","21","21","0","119.0","118","58","15","91","46","1.39","6.89","3.52","4.45","0.7","5985"
"R.A. Dickey","10","10","4.22","27","27","0","163.0","165","76","23","124","51","1.32","6.84","2.83","4.45","1.1","1245"
"Enny Romero","1","1","4.14","0","22","0","22.0","21","10","2","19","12","1.46","7.57","4.88","4.45","-0.2","4001"
"Nate Karns","1","1","4.31","3","3","0","17.0","16","8","2","16","9","1.42","8.18","4.60","4.45","0.0","12638"
"Edgar Olmos","1","1","4.49","0","13","0","13.0","13","7","1","11","8","1.53","7.46","5.07","4.45","-0.1","10174"
"Roenis Elias","5","6","4.41","15","15","0","86.0","86","42","10","65","36","1.41","6.72","3.74","4.46","0.4","12673"
"Cesar Cabral","1","1","4.11","0","27","0","27.0","25","12","3","23","13","1.40","7.85","4.19","4.46","-0.2","6741"
"Kevin Chapman","3","2","4.35","0","49","1","49.0","44","24","6","49","29","1.50","8.92","5.35","4.46","-0.4","11240"
"David Martinez","0","0","4.39","0","9","0","9.0","10","4","1","6","2","1.34","5.89","2.22","4.47","-0.1","8893"
"Eric Stults","8","10","4.42","26","26","0","146.0","156","72","20","92","39","1.34","5.68","2.41","4.47","-0.1","8011"
"Tom Koehler","7","11","4.83","24","24","0","137.0","145","74","14","97","62","1.50","6.36","4.03","4.47","0.3","6570"
"Joe Beimel","2","2","4.10","0","36","0","36.0","37","16","4","26","13","1.38","6.37","3.28","4.47","-0.3","979"
"Matt Magill","2","2","4.63","6","6","0","34.0","32","18","4","32","19","1.47","8.28","4.92","4.47","0.1","3950"
"Jeremy Hellickson","5","5","4.15","15","15","0","86.0","85","40","12","63","27","1.31","6.56","2.87","4.47","0.2","4371"
"Nick Tepesch","1","1","4.68","2","2","0","9.0","9","4","1","6","3","1.40","6.40","2.96","4.47","0.0","11716"
"Nick Christiani","2","2","4.29","0","41","1","41.0","41","19","5","30","15","1.38","6.60","3.26","4.47","-0.3","10332"
"Erasmo Ramirez","8","8","4.47","21","21","0","130.0","134","64","17","92","42","1.35","6.38","2.91","4.47","0.5","10314"
"Jake Odorizzi","8","9","4.18","23","23","0","137.0","133","64","18","106","53","1.36","6.97","3.47","4.47","0.4","6397"
"Ubaldo Jimenez","10","11","4.48","28","28","0","174.0","167","87","23","154","77","1.40","7.94","3.96","4.47","1.3","3374"
"Cory Burns","1","1","4.41","0","18","0","18.0","18","9","2","14","7","1.41","7.16","3.54","4.47","-0.1","6620"
"Erik Bedard","7","7","4.14","18","18","0","103.0","97","47","13","85","44","1.37","7.39","3.85","4.48","0.0","126"
"Jonathan Pettibone","5","7","4.70","17","17","0","95.0","101","50","11","63","34","1.42","5.97","3.21","4.48","0.1","7106"
"David Hale","4","5","4.67","12","12","0","69.0","71","36","8","49","29","1.45","6.44","3.81","4.49","0.0","9756"
"Jesse Biddle","3","5","4.57","11","11","0","61.0","55","31","7","57","36","1.50","8.55","5.34","4.49","0.1","sa548186"
"Chris Rusin","4","4","4.43","8","35","0","71.0","76","35","8","42","23","1.40","5.35","2.89","4.49","0.0","9895"
"Jhoulys Chacin","7","8","4.68","21","21","0","119.0","130","62","15","82","44","1.45","6.17","3.29","4.49","0.2","2608"
"Thomas Kahnle","2","2","4.59","0","36","0","36.0","34","18","4","34","21","1.54","8.56","5.38","4.49","0.0","11384"
"Aaron Harang","7","8","4.41","21","21","0","121.0","123","59","17","97","44","1.38","7.18","3.31","4.49","0.2","1451"
"Michael Pineda","8","8","4.10","23","23","0","129.0","123","59","21","114","43","1.29","7.96","2.99","4.49","0.9","5372"
"Aaron Poreda","0","0","4.31","0","9","0","9.0","9","4","1","8","4","1.46","7.84","4.46","4.49","-0.1","4313"
"Hector Santiago","9","8","4.00","21","35","0","135.0","125","60","17","118","58","1.36","7.92","3.91","4.49","0.1","4026"
"Jered Weaver","11","10","4.11","27","27","0","173.0","174","79","27","132","47","1.28","6.89","2.44","4.50","0.4","4235"
"Zach Miner","0","0","4.40","0","9","0","9.0","9","4","1","6","3","1.40","6.15","3.27","4.50","-0.1","3193"
"Hector Noesi","1","1","4.27","0","27","0","27.0","28","13","4","20","8","1.34","6.65","2.53","4.50","-0.1","3292"
"Wei-Yin Chen","10","10","4.19","27","27","0","157.0","159","73","25","120","45","1.30","6.90","2.58","4.52","0.7","13071"
"Chad Jenkins","2","2","4.56","0","31","0","31.0","35","16","4","18","7","1.36","5.21","2.05","4.52","-0.3","10326"
"Javy Guerra","1","1","4.48","0","18","0","18.0","18","9","2","14","7","1.42","7.19","3.67","4.53","-0.2","7407"
"Jacob Turner","4","7","4.92","15","15","0","86.0","93","47","10","56","34","1.48","5.89","3.58","4.53","0.2","10185"
"Adam Warren","3","3","4.31","3","39","0","53.0","53","25","7","40","19","1.36","6.78","3.26","4.53","-0.1","9029"
"Esmil Rogers","2","3","4.76","8","8","0","43.0","45","23","5","31","16","1.43","6.48","3.36","4.54","0.1","6317"
"Josh Collmenter","5","5","4.00","9","40","0","82.0","81","36","13","64","25","1.30","7.05","2.80","4.55","-0.2","7312"
"Franklin Morales","5","5","4.52","13","13","0","77.0","77","39","10","66","34","1.44","7.69","3.98","4.56","0.6","5088"
"Josh Tomlin","3","3","4.59","6","24","0","53.0","59","27","8","32","12","1.35","5.51","2.06","4.56","-0.4","9388"
"Miles Mikolas","0","0","4.56","0","9","0","9.0","10","5","1","6","3","1.42","6.33","3.20","4.56","-0.1","9803"
"Matt Guerrier","1","1","4.49","0","14","0","14.0","15","7","2","9","5","1.42","6.20","3.13","4.56","-0.1","2061"
"Bud Norris","5","6","4.39","15","15","0","87.0","87","42","13","70","31","1.36","7.21","3.20","4.57","0.3","9492"
"Dustin McGowan","5","6","4.62","12","39","0","96.0","96","49","13","77","38","1.41","7.24","3.60","4.58","-0.1","8600"
"Jason Vargas","10","10","4.32","27","27","0","165.0","173","79","23","105","49","1.34","5.72","2.65","4.58","0.6","8044"
"Chris Tillman","9","10","4.32","26","26","0","157.0","156","75","25","130","55","1.34","7.48","3.15","4.59","0.8","5279"
"Pedro Beato","1","1","4.32","0","23","0","23.0","23","11","3","17","9","1.39","6.85","3.44","4.59","-0.3","1330"
"Eddie Gamboa","0","0","4.32","0","9","0","9.0","9","4","1","6","3","1.35","6.39","2.73","4.60","-0.1","sa455163"
"Brad Hand","6","9","4.59","17","43","0","121.0","117","62","14","105","67","1.52","7.79","4.98","4.60","-0.8","9111"
"Bronson Arroyo","9","11","4.50","28","28","0","169.0","187","85","26","100","35","1.31","5.30","1.85","4.61","0.7","978"
"Kevin Correia","8","13","5.09","28","28","0","173.0","205","98","23","92","47","1.46","4.80","2.45","4.61","0.6","1767"
"Alex Colome","1","1","4.49","3","3","0","17.0","16","9","2","14","8","1.44","7.23","4.33","4.61","0.0","6661"
"Ethan Martin","1","1","4.46","2","15","0","22.0","20","11","3","21","12","1.47","8.72","5.01","4.62","-0.2","3877"
"Stephen Fife","1","1","4.78","3","3","0","17.0","18","9","2","12","7","1.46","6.06","3.73","4.62","0.0","8077"
"Jose Ortega","1","1","4.56","0","23","0","23.0","22","12","3","20","13","1.51","7.89","5.08","4.62","-0.2","9651"
"Tanner Scheppers","7","8","4.64","21","21","0","120.0","125","62","15","87","47","1.44","6.52","3.53","4.62","0.9","10267"
"Eric Fornataro","1","1","4.53","0","13","0","13.0","14","7","2","8","5","1.44","5.52","3.27","4.63","-0.1","sa454728"
"Brett Oberholtzer","7","9","4.55","22","22","0","129.0","136","65","19","93","42","1.38","6.50","2.90","4.63","0.3","3855"
"Archie Bradley","1","2","4.71","4","4","0","25.0","24","13","3","23","15","1.50","8.13","5.19","4.64","0.0","sa597753"
"Alfredo Aceves","1","1","4.20","0","18","0","18.0","18","8","3","14","6","1.36","6.90","3.21","4.65","-0.2","5164"
"A.J. Morris","0","0","4.59","0","9","0","9.0","9","5","1","6","4","1.48","5.75","3.82","4.65","-0.1","sa501212"
"Jarred Cosart","7","11","5.04","24","24","0","146.0","149","82","15","111","80","1.56","6.85","4.91","4.65","0.3","10304"
"Santos Rodriguez","1","1","4.55","0","13","0","13.0","12","7","2","13","9","1.54","8.96","5.80","4.66","-0.1","sa393054"
"Travis Wood","9","11","4.21","27","27","0","165.0","165","77","25","129","57","1.34","7.03","3.08","4.66","0.4","9884"
"Alex White","2","3","5.03","7","7","0","43.0","46","24","5","30","18","1.48","6.32","3.73","4.67","0.0","10054"
"J.A. Happ","4","4","4.53","11","11","0","60.0","60","30","9","50","26","1.43","7.53","3.90","4.68","0.1","7410"
"Felipe Paulino","5","6","4.87","15","15","0","86.0","88","46","12","69","37","1.46","7.23","3.90","4.69","0.2","3777"
"Ross Ohlendorf","3","3","4.49","8","16","0","52.0","54","26","8","38","17","1.38","6.68","3.01","4.69","-0.3","8268"
"Jon Gray","2","2","4.87","4","4","0","26.0","28","14","4","18","9","1.44","6.41","3.18","4.69","0.0","sa549112"
"Erik Johnson","8","10","4.82","25","25","0","146.0","151","78","20","110","59","1.44","6.81","3.62","4.71","0.6","12520"
"Trevor May","1","1","4.96","3","3","0","17.0","17","10","2","14","9","1.54","7.39","4.77","4.71","0.0","sa454536"
"Trevor Bauer","4","5","4.78","12","12","0","69.0","66","37","9","63","39","1.51","8.19","5.05","4.72","0.1","12703"
"James McDonald","0","1","4.69","2","2","0","9.0","8","4","1","7","4","1.45","7.41","4.10","4.72","0.0","5523"
"Jesse Hahn","0","1","4.87","2","2","0","9.0","9","5","1","6","3","1.45","6.09","3.55","4.72","0.0","sa526877"
"Pedro Figueroa","2","2","4.61","0","40","1","40.0","41","21","5","30","19","1.51","6.73","4.33","4.74","-0.3","6616"
"Johan Santana","1","1","4.24","3","3","0","17.0","17","8","3","13","6","1.33","6.99","2.94","4.74","0.0","755"
"Joe Saunders","2","3","4.94","8","8","0","43.0","49","24","6","24","14","1.47","5.12","2.93","4.75","0.3","4366"
"Jeremy Bonderman","1","1","4.72","0","18","0","18.0","20","10","3","11","6","1.42","5.30","2.72","4.76","-0.2","1667"
"Mike Pelfrey","7","11","5.02","26","26","0","147.0","166","82","20","89","52","1.48","5.47","3.17","4.76","0.2","5203"
"Angel Sanchez","1","2","5.06","5","5","0","26.0","27","14","3","17","12","1.54","6.04","4.32","4.77","0.0","sa596521"
"Michael Belfiore","1","1","4.46","0","23","0","23.0","22","11","3","18","11","1.48","7.17","4.45","4.77","-0.3","9324"
"Deunte Heath","1","1","4.67","0","27","0","27.0","27","14","4","22","13","1.47","7.38","4.21","4.77","-0.3","7371"
"Daisuke Matsuzaka","1","1","4.55","3","3","0","17.0","17","9","3","14","7","1.40","7.39","3.76","4.78","0.0","7775"
"Barry Zito","6","9","4.76","20","20","0","129.0","139","68","17","80","49","1.46","5.59","3.45","4.78","-0.2","944"
"John Danks","8","10","4.80","24","24","0","137.0","148","73","21","91","45","1.40","5.99","2.93","4.78","0.5","6329"
"Casey Crosby","2","2","4.80","3","21","0","36.0","35","19","4","29","21","1.55","7.13","5.13","4.79","-0.4","5261"
"Anthony Ranaudo","1","1","4.93","3","3","0","17.0","18","9","2","13","8","1.50","6.67","4.13","4.81","0.0","sa390649"
"Shaun Marcum","2","2","4.58","6","6","0","35.0","37","18","6","24","10","1.37","6.26","2.67","4.81","-0.1","6204"
"David Holmberg","0","1","4.69","1","1","0","8.0","9","4","1","6","3","1.42","6.36","3.49","4.82","0.0","7725"
"Maikel Cleto","1","1","4.63","0","13","0","13.0","12","7","2","13","8","1.54","8.99","5.63","4.83","-0.1","5529"
"Evan Meek","2","2","4.63","0","36","0","36.0","37","19","5","26","15","1.45","6.49","3.75","4.86","-0.4","5109"
"Allen Webster","1","1","4.88","3","3","0","17.0","17","9","2","14","8","1.51","7.08","4.42","4.86","0.0","3993"
"Jeremy Guthrie","9","11","4.76","27","27","0","157.0","174","83","22","85","48","1.41","4.90","2.73","4.88","0.0","2072"
"Asher Wojciechowski","1","2","5.06","5","5","0","26.0","28","14","4","17","10","1.47","6.09","3.47","4.90","-0.1","sa548167"
"Michael Roth","1","2","4.88","3","12","0","26.0","28","14","3","16","12","1.51","5.62","4.00","4.91","-0.3","13736"
"Josh Lindblom","2","2","4.36","3","17","0","31.0","32","15","5","21","12","1.40","6.27","3.38","4.91","-0.3","7882"
"John Lamb","1","1","4.76","2","2","0","9.0","9","5","1","5","3","1.44","4.93","3.13","4.92","0.0","sa454551"
"David Purcey","1","1","4.69","0","22","0","22.0","22","12","3","19","12","1.52","7.48","4.86","4.92","-0.3","8360"
"Bruce Chen","10","9","4.21","26","26","0","148.0","154","69","24","97","44","1.34","5.89","2.69","4.92","0.0","769"
"Ricky Romero","0","1","5.14","2","2","0","9.0","9","5","1","5","4","1.59","5.73","4.71","4.93","0.0","3403"
"Eddie Butler","1","1","5.12","3","3","0","17.0","19","10","2","12","7","1.51","6.29","3.77","4.93","0.0","sa503059"
"Colby Lewis","4","4","4.66","11","11","0","60.0","65","31","11","43","16","1.36","6.48","2.45","4.95","0.1","1259"
"Miguel Gonzalez","9","11","4.66","27","27","0","157.0","165","81","27","114","52","1.39","6.54","3.01","4.96","0.3","7024"
"Kyle Lobstein","1","1","4.99","3","3","0","18.0","19","10","2","11","7","1.49","5.68","3.82","4.96","-0.1","sa454421"
"Josh Stinson","1","2","4.86","0","32","0","32.0","34","17","5","20","12","1.48","5.73","3.53","4.98","-0.3","3219"
"Brett Marshall","2","3","5.06","8","8","0","43.0","44","24","6","31","21","1.52","6.48","4.47","5.01","-0.2","5364"
"Blake Beavan","2","3","4.81","5","23","0","44.0","50","24","7","22","10","1.36","4.54","1.98","5.02","-0.5","338"
"Zeke Spruill","1","1","5.03","3","3","0","17.0","19","9","2","10","6","1.47","5.34","3.41","5.04","-0.1","3873"
"Casey Coleman","1","1","5.12","3","3","0","17.0","18","10","2","12","9","1.55","5.99","4.43","5.05","-0.1","8270"
"Andre Rienzo","3","5","5.41","11","11","0","60.0","63","36","8","45","32","1.59","6.73","4.83","5.08","-0.3","3507"
"David Buchanan","0","1","5.20","2","2","0","9.0","9","5","1","5","4","1.50","5.45","3.68","5.10","0.0","sa501549"
"Paul Clemens","4","5","5.07","8","39","0","74.0","82","42","12","49","27","1.46","5.97","3.26","5.10","-1.0","8037"
"Dylan Axelrod","2","3","5.22","6","6","0","34.0","38","20","6","23","13","1.47","5.91","3.31","5.11","-0.2","9303"
"Scott Baker","0","1","5.06","2","2","0","9.0","10","5","2","6","3","1.44","5.97","2.85","5.21","-0.1","6176"
"Mark Appel","1","2","5.40","5","5","0","26.0","29","15","4","15","10","1.51","5.14","3.36","5.22","-0.2","sa501726"
"Nicholas Martinez","1","1","5.31","3","3","0","17.0","19","10","3","11","8","1.56","5.93","4.18","5.25","0.0","12730"
"Robbie Ray","1","2","5.21","5","5","0","26.0","28","15","4","18","14","1.58","6.07","4.79","5.25","-0.2","sa549085"
"Frank De Los Santos","0","1","5.15","0","9","0","9.0","10","5","1","5","4","1.53","4.95","3.65","5.29","-0.2","sa393084"
"Charlie Leesman","2","3","5.54","6","6","0","34.0","37","21","5","23","20","1.64","5.97","5.18","5.34","-0.2","9124"
"Nestor Molina","1","1","5.51","3","3","0","17.0","20","11","3","9","6","1.50","4.82","3.03","5.37","-0.1","sa503616"
"Johnny Hellweg","1","1","5.86","3","3","0","17.0","18","11","2","11","12","1.76","5.97","6.26","5.63","-0.2","10065"
"Chris Young","4","7","5.62","15","24","0","95.0","109","60","21","53","35","1.50","5.03","3.25","6.01","-1.7","3196"
