"Name","W","L","ERA","GS","G","IP","H","ER","HR","SO","BB","WHIP","K/9","BB/9","FIP","WAR","playerid"
"Craig Kimbrel","5","0","1.40","0","62","61.0","36","9","3","100","19","0.90","14.74","2.79","1.50","1.7","6655"
"Koji Uehara","3","0","1.98","0","49","46.0","31","10","4","64","6","0.80","12.42","1.21","1.88","1.4","9227"
"Greg Holland","5","1","2.29","0","59","61.0","44","16","4","89","23","1.08","13.14","3.32","2.10","1.4","7196"
"Kenley Jansen","4","1","2.10","0","64","64.0","42","15","6","99","20","0.96","13.92","2.78","2.21","1.0","3096"
"Trevor Rosenthal","5","2","2.56","0","65","69.0","54","20","5","89","22","1.09","11.56","2.82","2.48","1.1","10745"
"Clayton Kershaw","15","5","2.30","27","27","186.0","143","48","11","192","44","1.00","9.27","2.13","2.52","4.2","2036"
"Sergio Romo","6","2","2.53","0","55","46.0","38","13","4","52","10","1.03","10.08","1.95","2.57","0.7","9817"
"Mark Melancon","4","2","2.76","0","60","60.0","54","19","3","56","12","1.08","8.28","1.77","2.59","0.8","4264"
"Joaquin Benoit","3","2","2.60","0","53","52.0","39","15","4","63","16","1.07","11.01","2.86","2.61","0.7","1437"
"Felix Hernandez","13","8","3.08","28","28","191.0","172","65","15","204","43","1.12","9.62","2.02","2.68","4.8","4772"
"David Robertson","4","2","2.81","0","56","52.0","41","16","5","70","18","1.14","11.96","3.17","2.70","0.8","8241"
"Glen Perkins","2","1","2.75","0","56","55.0","45","17","5","67","16","1.10","10.99","2.57","2.71","1.0","8041"
"Jordan Walden","4","2","2.92","0","51","47.0","37","15","3","58","18","1.19","11.03","3.53","2.72","0.5","3271"
"Sean Marshall","3","1","2.73","0","39","33.0","28","10","2","36","9","1.10","9.80","2.41","2.76","0.4","5905"
"Sean Doolittle","4","2","3.03","0","60","62.0","52","21","5","68","15","1.09","9.92","2.24","2.77","0.8","1581"
"Cliff Lee","11","7","2.99","26","26","183.0","168","61","17","181","26","1.06","8.89","1.30","2.78","4.1","1636"
"Jose Fernandez","10","5","2.59","24","24","138.0","105","40","8","150","47","1.11","9.83","3.07","2.78","3.0","11530"
"Adam Wainwright","15","8","3.22","27","27","183.0","174","66","13","166","37","1.15","8.15","1.80","2.81","3.6","2233"
"Danny Farquhar","3","2","3.29","0","49","62.0","53","23","4","73","25","1.25","10.52","3.57","2.82","0.8","8501"
"Jonathan Papelbon","3","2","3.08","0","53","52.0","46","18","5","59","12","1.11","10.09","2.12","2.85","0.6","5975"
"Steve Cishek","4","3","2.79","0","54","55.0","45","17","3","59","20","1.19","9.65","3.24","2.88","0.5","6483"
"Masahiro Tanaka","9","8","3.69","25","25","167.0","158","68","15","169","30","1.13","9.08","1.60","2.90","4.0","15764"
"Stephen Strasburg","10","5","2.87","24","24","137.0","110","44","12","156","39","1.09","10.26","2.55","2.90","2.9","10131"
"Justin Verlander","15","7","3.12","29","29","198.0","173","69","16","201","57","1.16","9.18","2.58","2.96","4.7","8700"
"Jake McGee","5","3","3.03","0","62","53.0","43","18","6","65","16","1.11","10.91","2.75","2.97","0.5","7550"
"Joe Nathan","5","2","3.31","0","53","49.0","42","18","5","56","16","1.18","10.34","2.93","2.99","0.7","1122"
"Jason Grilli","2","2","3.14","0","46","45.0","37","16","4","56","15","1.16","11.20","3.06","3.00","0.5","521"
"J.J. Putz","2","1","3.17","0","42","37.0","31","13","3","40","12","1.16","9.76","2.91","3.02","0.4","1795"
"Max Scherzer","14","8","3.40","29","29","178.0","154","67","19","210","51","1.15","10.61","2.55","3.03","3.9","3137"
"Kelvin Herrera","5","4","3.29","0","65","69.0","60","25","7","81","23","1.19","10.45","2.93","3.03","0.8","6033"
"Madison Bumgarner","13","8","2.88","28","28","178.0","147","57","14","173","48","1.09","8.73","2.43","3.03","2.9","5524"
"Cody Allen","4","3","3.32","0","66","61.0","53","23","6","74","24","1.27","10.92","3.57","3.05","0.5","12183"
"Chris Sale","13","9","3.17","26","26","179.0","156","63","18","197","44","1.12","9.93","2.19","3.05","3.9","10603"
"Zack Greinke","11","7","3.11","27","27","167.0","147","58","15","159","38","1.11","8.56","2.04","3.06","2.7","1943"
"Yu Darvish","13","6","3.04","27","27","178.0","137","60","18","229","68","1.15","11.55","3.45","3.08","4.3","13074"
"Fernando Rodney","4","2","3.02","0","50","47.0","37","16","3","56","22","1.27","10.79","4.28","3.09","0.5","494"
"Addison Reed","3","2","3.43","0","55","60.0","54","23","6","65","16","1.17","9.72","2.42","3.11","0.7","10586"
"Bobby Parnell","5","4","3.26","0","49","47.0","43","17","3","41","14","1.21","7.96","2.62","3.11","0.2","9926"
"David Price","12","7","3.19","27","27","177.0","158","63","17","170","39","1.12","8.67","2.00","3.11","3.1","3184"
"Anibal Sanchez","11","7","3.53","28","28","166.0","159","65","15","170","49","1.25","9.19","2.66","3.12","3.5","3284"
"Brett Cecil","3","2","3.20","0","58","58.0","49","21","5","67","22","1.22","10.37","3.38","3.12","0.5","2660"
"Junichi Tazawa","5","2","3.33","0","62","64.0","59","24","6","67","17","1.17","9.38","2.33","3.15","0.7","4079"
"Jean Machi","4","3","3.42","0","53","55.0","52","21","3","43","16","1.24","7.08","2.56","3.17","0.2","3220"
"Tim Hudson","9","7","3.29","22","22","148.0","141","54","9","113","37","1.20","6.85","2.24","3.18","2.0","921"
"Francisco Liriano","12","9","3.30","25","25","147.0","128","54","10","140","54","1.24","8.55","3.32","3.21","2.2","3201"
"Matt Belisle","5","5","3.96","0","60","59.0","64","26","5","47","13","1.29","7.20","1.90","3.23","0.7","1837"
"Bryan Shaw","5","3","3.39","0","64","64.0","57","24","5","64","23","1.24","9.01","3.17","3.24","0.5","8110"
"Paco Rodriguez","3","2","3.01","0","52","37.0","30","12","3","41","14","1.19","9.93","3.42","3.24","0.1","13398"
"Andrew Cashner","9","7","3.21","20","29","133.0","119","47","9","107","37","1.18","7.24","2.53","3.25","1.3","8782"
"Luke Gregerson","4","2","3.23","0","62","57.0","51","20","4","48","16","1.19","7.63","2.55","3.26","0.4","4090"
"Craig Stammen","5","4","3.35","0","47","69.0","63","26","5","66","24","1.25","8.50","3.07","3.26","0.3","7274"
"Boone Logan","3","3","3.81","0","57","38.0","35","16","4","44","13","1.27","10.43","3.15","3.26","0.4","5525"
"Scott Atchison","2","1","3.83","0","40","39.0","39","17","3","30","9","1.22","6.95","2.02","3.26","0.2","2642"
"Kevin Siegrist","3","2","3.16","0","53","49.0","40","17","3","52","22","1.27","9.62","4.09","3.27","0.3","8180"
"Ryan Cook","5","2","3.11","0","60","58.0","48","20","4","64","26","1.28","9.87","4.05","3.27","0.3","8855"
"Sergio Santos","2","1","3.69","0","33","30.0","24","12","3","38","14","1.25","11.33","4.10","3.29","0.2","4734"
"Javier Lopez","2","2","3.25","0","56","31.0","29","11","2","26","12","1.29","7.29","3.38","3.29","0.1","1663"
"Alex Wood","6","5","3.43","18","30","106.0","100","40","7","94","35","1.27","7.96","2.97","3.29","1.1","13781"
"Shawn Kelley","2","2","3.72","0","47","45.0","41","19","5","52","17","1.28","10.50","3.34","3.29","0.3","7773"
"Gio Gonzalez","12","9","3.22","26","26","165.0","143","59","13","161","60","1.23","8.79","3.28","3.29","2.6","7448"
"Neal Cotts","6","4","3.40","0","45","47.0","40","18","5","53","19","1.26","10.18","3.57","3.30","0.5","1797"
"Andrew Miller","2","1","3.38","0","44","36.0","28","14","3","49","20","1.33","12.14","5.00","3.30","0.3","6785"
"Dan Otero","4","3","3.46","0","50","61.0","63","24","4","40","12","1.21","5.85","1.78","3.31","0.4","7385"
"Francisco Rodriguez","3","3","3.41","0","56","53.0","46","20","6","61","20","1.24","10.30","3.33","3.32","0.3","1642"
"Charlie Furbush","4","3","3.33","0","58","53.0","43","19","5","64","22","1.23","10.99","3.68","3.32","0.4","1370"
"Oliver Perez","3","2","3.42","0","50","48.0","40","18","4","58","23","1.30","10.70","4.21","3.33","0.4","1514"
"Lance Lynn","11","9","3.62","24","29","153.0","143","62","12","149","54","1.29","8.77","3.17","3.34","1.8","2520"
"Sam LeCure","2","1","3.18","0","48","53.0","45","19","5","55","19","1.21","9.39","3.30","3.34","0.2","4664"
"Dale Thayer","4","3","3.51","0","59","56.0","52","22","5","49","16","1.21","7.87","2.56","3.34","0.2","5032"
"Huston Street","2","2","3.29","0","48","44.0","38","16","5","45","11","1.10","9.10","2.21","3.35","0.1","8258"
"Aaron Barrett","2","1","3.55","0","38","39.0","34","15","3","40","15","1.27","9.27","3.47","3.35","0.1","11243"
"Rafael Soriano","3","2","3.29","0","52","50.0","45","18","5","45","14","1.19","8.07","2.56","3.35","0.3","1100"
"Tony Watson","4","3","3.27","0","58","56.0","49","20","5","50","16","1.16","8.06","2.57","3.36","0.2","3132"
"Nick Vincent","5","4","3.24","0","59","59.0","51","21","5","58","20","1.22","8.76","3.12","3.36","0.1","7555"
"Joakim Soria","3","2","3.62","0","39","37.0","33","15","4","40","12","1.22","9.73","3.02","3.36","0.4","6941"
"Adam Ottavino","2","2","3.79","0","50","71.0","68","30","6","73","27","1.33","9.16","3.40","3.37","0.7","1247"
"Tim Collins","5","4","3.75","0","59","51.0","44","21","4","60","27","1.40","10.62","4.79","3.38","0.3","3164"
"Jeff Samardzija","9","9","3.58","26","26","167.0","155","66","16","160","50","1.23","8.63","2.71","3.39","2.7","3254"
"Rex Brothers","4","3","3.61","0","65","60.0","51","24","5","73","32","1.40","11.09","4.81","3.39","0.6","9794"
"Sonny Gray","14","9","3.52","28","29","165.0","154","65","11","146","62","1.31","7.96","3.39","3.40","2.4","12768"
"David Carpenter","3","2","3.41","0","54","62.0","55","24","6","62","21","1.23","8.96","3.07","3.42","0.2","3959"
"Drew Storen","3","3","3.48","0","58","53.0","48","21","6","52","14","1.16","8.76","2.31","3.43","0.2","6983"
"Johnny Cueto","10","6","3.18","21","21","127.0","116","45","11","104","33","1.17","7.35","2.35","3.43","1.8","6893"
"Tyler Clippard","5","3","3.00","0","63","62.0","47","21","8","74","23","1.11","10.65","3.29","3.43","0.3","5640"
"Jordan Zimmermann","11","9","3.38","26","26","164.0","157","62","15","127","32","1.15","6.95","1.78","3.44","2.3","4505"
"Michael Wacha","9","6","3.51","22","25","139.0","128","54","13","123","38","1.20","7.97","2.45","3.44","1.7","14078"
"Brian Wilson","3","3","3.39","0","35","33.0","28","12","3","34","13","1.26","9.31","3.60","3.44","0.0","6485"
"Alex Cobb","10","6","3.36","24","24","138.0","126","52","11","122","46","1.25","7.96","3.00","3.44","1.8","6562"
"Randy Choate","1","1","3.47","0","55","28.0","25","11","2","23","9","1.26","7.38","3.07","3.44","0.1","813"
"Joe Smith","5","3","3.19","0","63","57.0","50","20","4","50","20","1.24","7.90","3.25","3.45","0.1","3281"
"Michael Tonkin","2","3","3.92","0","49","59.0","57","26","5","56","21","1.34","8.54","3.27","3.45","0.3","10315"
"Corey Kluber","8","8","4.10","24","24","145.0","149","66","16","132","34","1.26","8.14","2.13","3.46","2.1","2429"
"Jim Johnson","6","3","3.36","0","61","64.0","60","24","4","48","19","1.23","6.66","2.71","3.47","0.2","3656"
"Kyle Farnsworth","2","3","4.00","0","41","34.0","34","15","2","26","11","1.34","7.04","2.93","3.47","0.2","278"
"Matt Cain","10","8","3.30","26","26","168.0","147","62","16","144","45","1.15","7.73","2.42","3.49","1.7","4732"
"Mike Adams","3","3","3.70","0","36","33.0","30","13","3","31","11","1.25","8.54","2.92","3.49","0.1","1937"
"James Shields","11","9","3.68","28","28","189.0","184","77","20","175","52","1.25","8.35","2.48","3.51","2.9","7059"
"Scott Kazmir","6","5","3.86","16","16","89.0","84","38","9","84","29","1.27","8.52","2.96","3.51","1.2","4897"
"Justin Masterson","10","9","3.83","27","28","172.0","160","73","13","160","65","1.31","8.38","3.41","3.52","2.3","2038"
"Dan Haren","9","9","3.71","24","24","145.0","143","60","17","123","25","1.16","7.63","1.57","3.52","1.6","1757"
"A.J. Ramos","3","3","3.49","0","61","66.0","55","25","5","70","34","1.35","9.59","4.64","3.52","0.1","8350"
"Grant Balfour","3","2","3.22","0","53","50.0","40","18","5","56","21","1.21","9.94","3.73","3.52","0.2","718"
"Jon Lester","12","8","3.70","27","27","175.0","168","72","17","159","54","1.27","8.14","2.76","3.53","3.1","4930"
"Brian Duensing","3","4","4.12","0","61","56.0","59","26","5","48","18","1.37","7.63","2.86","3.53","0.4","4064"
"Ervin Santana","10","8","3.51","25","25","166.0","151","65","19","159","44","1.18","8.61","2.41","3.53","1.8","3200"
"Joe Thatcher","2","2","3.94","0","48","28.0","27","12","3","27","9","1.29","8.52","2.86","3.53","0.1","4620"
"Zach McAllister","8","8","4.03","24","24","138.0","145","62","11","102","40","1.34","6.66","2.61","3.54","1.8","2895"
"Joel Peralta","5","3","3.31","0","60","51.0","41","19","6","59","20","1.18","10.31","3.49","3.54","0.1","2332"
"Antonio Bastardo","4","3","3.44","0","52","44.0","35","17","5","55","22","1.29","11.18","4.47","3.55","0.1","8844"
"Josh Collmenter","4","3","3.53","1","46","71.0","66","28","7","65","21","1.22","8.16","2.69","3.55","0.5","7312"
"Brad Boxberger","3","2","3.30","0","51","60.0","48","22","6","72","30","1.31","10.78","4.54","3.55","0.0","10133"
"Julio Teheran","11","9","3.49","27","28","166.0","160","64","16","138","43","1.23","7.52","2.35","3.55","2.0","6797"
"Ian Kennedy","10","9","3.47","26","26","167.0","153","64","17","153","50","1.21","8.28","2.68","3.55","1.6","6986"
"Matt Lindstrom","2","2","3.83","0","54","47.0","48","20","3","36","16","1.36","6.74","3.08","3.55","0.2","4604"
"C.C. Lee","1","1","3.83","0","28","29.0","28","12","2","30","12","1.37","9.25","3.74","3.56","0.0","5177"
"Danny Salazar","7","7","3.97","23","23","133.0","126","59","15","142","49","1.32","9.62","3.35","3.58","1.7","5867"
"Wesley Wright","2","2","3.63","1","60","51.0","46","20","5","49","18","1.26","8.74","3.13","3.58","0.2","5960"
"C.J. Wilson","12","9","3.64","28","28","175.0","163","71","15","163","68","1.32","8.38","3.49","3.59","2.0","3580"
"Chris Withrow","3","2","3.38","0","42","48.0","40","18","4","53","24","1.33","9.89","4.54","3.59","-0.1","7161"
"Vinnie Pestano","2","1","3.80","0","51","48.0","43","20","5","56","20","1.30","10.41","3.73","3.59","0.0","4782"
"Josh Outman","3","2","3.95","0","58","56.0","53","25","5","61","24","1.37","9.78","3.88","3.61","0.0","4004"
"Darren O'Day","4","3","3.55","0","59","53.0","47","21","6","53","14","1.16","9.10","2.41","3.61","0.2","3321"
"Gerrit Cole","10","10","3.65","26","26","146.0","140","59","13","121","47","1.28","7.44","2.87","3.61","1.4","13125"
"Brad Ziegler","3","2","3.32","0","61","54.0","50","20","3","37","19","1.29","6.19","3.19","3.61","0.2","7293"
"Jamey Wright","2","2","3.71","0","50","54.0","51","22","4","47","22","1.35","7.85","3.65","3.61","0.0","715"
"Matt Moore","10","8","3.54","26","26","145.0","125","57","14","150","64","1.31","9.34","3.98","3.62","1.6","1890"
"Mike Dunn","3","4","3.71","0","64","56.0","50","23","5","59","26","1.38","9.49","4.29","3.62","0.2","9948"
"Bartolo Colon","8","9","3.86","22","22","135.0","146","58","15","90","21","1.24","5.97","1.42","3.63","1.1","375"
"Nate Jones","3","3","3.85","0","50","57.0","53","24","6","61","26","1.37","9.63","4.08","3.63","0.2","4696"
"Aaron Crow","4","4","3.83","0","57","50.0","47","21","5","51","22","1.37","9.18","3.88","3.63","0.2","10149"
"Brandon Morrow","7","7","3.91","21","21","114.0","103","49","13","125","45","1.30","9.90","3.53","3.64","1.5","9346"
"Anthony Swarzak","2","2","3.80","0","44","77.0","78","33","7","60","21","1.28","6.91","2.47","3.64","0.2","7466"
"Fernando Salas","3","3","3.90","0","53","53.0","48","23","6","52","18","1.24","8.89","2.99","3.64","0.0","4971"
"Brandon Kintzler","2","2","3.75","0","46","49.0","49","20","4","36","14","1.30","6.61","2.68","3.64","0.1","9939"
"Rick Porcello","10","11","4.40","26","29","159.0","178","77","16","116","36","1.35","6.57","2.06","3.64","2.1","2717"
"Jon Niese","8","9","3.87","24","24","142.0","143","61","13","108","43","1.31","6.85","2.72","3.65","1.2","4424"
"Dane de la Rosa","3","3","3.73","0","58","57.0","51","23","5","53","24","1.33","8.39","3.84","3.66","0.0","10095"
"Hector Rondon","1","1","3.83","0","26","31.0","29","13","2","27","12","1.31","7.76","3.51","3.66","0.1","2391"
"Ernesto Frieri","3","2","3.47","0","59","60.0","47","23","9","85","26","1.20","12.60","3.81","3.66","0.0","5178"
"Edwin Jackson","8","11","4.02","26","26","156.0","160","70","14","126","52","1.36","7.24","3.01","3.67","1.9","1841"
"Matt Thornton","3","3","3.94","0","52","41.0","41","18","4","35","12","1.31","7.70","2.64","3.67","0.1","1918"
"Matt Garza","7","8","3.82","22","22","138.0","132","59","16","129","40","1.25","8.39","2.63","3.67","1.6","3340"
"Yovani Gallardo","9","10","3.89","27","27","162.0","156","70","17","148","56","1.31","8.20","3.08","3.68","1.8","8173"
"Will Harris","2","2","3.85","0","51","53.0","49","23","6","55","20","1.31","9.33","3.38","3.68","0.1","3192"
"Carlos Martinez","6","5","3.76","14","31","94.0","93","39","6","72","34","1.35","6.94","3.24","3.68","0.5","11682"
"Shelby Miller","12","9","3.60","27","27","153.0","139","61","17","150","52","1.25","8.83","3.09","3.68","1.3","10197"
"Tim Lincecum","9","11","4.01","26","26","157.0","146","70","17","156","59","1.31","8.96","3.41","3.69","1.1","5705"
"Tommy Milone","9","8","3.86","24","25","143.0","145","61","18","119","29","1.22","7.45","1.81","3.69","2.0","7608"
"Aaron Loup","4","4","3.83","0","59","63.0","62","27","6","51","18","1.27","7.30","2.55","3.69","0.4","10343"
"Casey Fien","4","4","4.04","0","52","49.0","47","22","7","51","15","1.26","9.27","2.78","3.70","0.3","3926"
"Jake Peavy","7","6","3.97","22","22","134.0","129","59","16","116","34","1.22","7.81","2.29","3.70","2.1","1051"
"Jerry Blevins","3","2","3.47","0","55","52.0","45","20","5","48","17","1.20","8.41","2.93","3.70","0.1","7841"
"Zack Wheeler","8","8","3.68","27","27","149.0","141","61","13","135","58","1.33","8.14","3.52","3.70","1.2","10310"
"CC Sabathia","10","12","4.21","26","26","174.0","178","82","22","162","46","1.28","8.39","2.38","3.70","2.4","404"
"Drew Smyly","8","8","4.16","22","23","118.0","116","55","14","112","36","1.29","8.49","2.76","3.71","1.6","11760"
"Jason Frasor","2","2","3.88","0","47","39.0","36","17","4","41","18","1.36","9.34","4.04","3.71","0.2","1906"
"Jeremy Affeldt","2","2","3.50","0","41","37.0","34","14","2","29","14","1.32","7.05","3.55","3.71","-0.1","583"
"Tyson Ross","7","8","3.80","18","27","113.0","106","48","8","93","47","1.36","7.45","3.79","3.71","0.5","7872"
"Brett Anderson","3","4","4.56","10","14","59.0","66","30","5","44","17","1.41","6.74","2.62","3.72","0.8","8223"
"Evan Scribner","2","2","3.95","0","41","51.0","50","23","5","42","17","1.31","7.42","3.00","3.72","0.0","7525"
"John Axford","5","5","4.05","0","64","58.0","54","26","7","66","25","1.37","10.20","3.94","3.73","0.0","9059"
"Yusmeiro Petit","5","6","4.09","16","21","102.0","105","46","11","80","25","1.27","7.07","2.19","3.73","0.5","4020"
"Brandon League","3","4","3.98","0","55","54.0","55","24","4","36","17","1.33","6.04","2.84","3.74","-0.1","3731"
"Manny Parra","2","2","3.87","0","44","41.0","37","18","4","41","16","1.31","9.07","3.55","3.74","0.0","4279"
"Brian Matusz","3","2","3.89","0","62","53.0","50","23","6","51","20","1.32","8.73","3.45","3.74","0.3","2646"
"Robbie Ross","3","3","3.80","2","54","65.0","64","28","7","59","22","1.31","8.12","2.97","3.74","0.3","6819"
"Jered Weaver","11","8","3.49","24","24","153.0","138","59","18","127","40","1.17","7.49","2.36","3.75","1.6","4235"
"Hyun-Jin Ryu","10","9","3.56","25","25","162.0","151","64","19","141","45","1.21","7.84","2.53","3.75","1.1","14444"
"Homer Bailey","10","9","3.79","27","27","169.0","161","71","21","147","42","1.20","7.85","2.25","3.76","1.9","8362"
"Burke Badenhop","3","2","4.12","0","55","59.0","63","27","5","39","16","1.33","5.94","2.41","3.76","0.2","9736"
"Chris Archer","10","8","3.60","26","27","138.0","129","55","12","119","52","1.31","7.73","3.36","3.77","1.4","6345"
"Louis Coleman","2","2","3.70","0","45","59.0","51","24","6","63","26","1.32","9.67","4.01","3.77","0.1","9720"
"Marco Estrada","6","7","4.02","21","21","122.0","116","54","16","112","32","1.21","8.26","2.34","3.78","1.3","1118"
"Heath Bell","3","3","3.86","0","55","54.0","52","23","6","49","18","1.31","8.25","3.09","3.78","-0.1","2080"
"Pat Neshek","2","2","3.83","0","46","43.0","41","18","5","36","14","1.30","7.66","2.92","3.78","-0.1","4682"
"Tyler Skaggs","8","8","3.91","24","25","140.0","135","61","13","120","54","1.35","7.73","3.44","3.80","1.2","10190"
"Santiago Casilla","3","3","3.43","0","51","46.0","42","18","3","36","20","1.34","7.02","3.92","3.80","-0.1","2873"
"LaTroy Hawkins","1","2","4.29","0","49","45.0","51","21","5","29","9","1.35","5.79","1.86","3.81","0.3","729"
"Eric Stults","7","9","4.03","22","23","130.0","136","58","12","82","33","1.30","5.64","2.31","3.81","0.8","8011"
"Wade Miley","9","10","3.96","26","27","163.0","166","72","16","122","49","1.32","6.75","2.71","3.81","1.7","8779"
"Jim Henderson","5","5","3.70","0","56","54.0","46","22","7","65","25","1.31","10.73","4.17","3.81","0.1","6653"
"Fernando Abad","3","2","4.01","2","49","53.0","53","24","6","45","17","1.30","7.57","2.80","3.82","-0.1","4994"
"Joba Chamberlain","1","1","4.38","0","36","36.0","36","18","4","34","13","1.37","8.60","3.30","3.82","0.0","2692"
"Alfredo Simon","4","3","3.47","2","43","69.0","66","27","6","52","20","1.24","6.79","2.63","3.82","0.0","2155"
"Aaron Harang","7","8","4.04","22","22","126.0","122","56","13","105","45","1.33","7.54","3.22","3.82","1.2","1451"
"Hiroki Kuroda","10","10","3.80","25","25","158.0","160","67","18","119","38","1.25","6.78","2.14","3.83","2.0","3283"
"J.P. Howell","2","2","3.38","0","54","45.0","39","17","4","42","20","1.32","8.42","4.06","3.83","-0.1","8245"
"Josh Beckett","5","5","3.79","15","15","91.0","84","38","10","82","30","1.25","8.11","2.94","3.83","0.7","510"
"Edward Mujica","3","2","3.87","1","56","54.0","54","23","7","41","9","1.17","6.81","1.54","3.84","0.1","3970"
"Juan Gutierrez","2","2","3.87","0","33","37.0","35","16","4","33","12","1.29","8.11","2.91","3.84","-0.2","3265"
"Carlos Villanueva","6","7","3.80","13","35","104.0","98","44","12","87","31","1.24","7.50","2.68","3.84","0.8","4138"
"Pedro Strop","4","4","3.57","0","60","56.0","48","22","5","59","27","1.34","9.47","4.34","3.84","0.1","4070"
"Nathan Eovaldi","5","8","3.94","22","23","123.0","125","54","10","88","44","1.38","6.47","3.19","3.85","1.1","9132"
"Tony Cingrani","8","6","3.56","23","27","124.0","103","49","15","138","56","1.28","10.00","4.03","3.85","1.1","12555"
"Craig Breslow","2","2","3.79","0","52","48.0","47","20","4","36","18","1.36","6.75","3.40","3.85","0.1","4363"
"Seth Maness","3","3","3.91","0","65","67.0","72","29","6","40","13","1.26","5.31","1.74","3.85","-0.3","12235"
"Tim Stauffer","4","4","3.81","11","30","93.0","91","39","8","68","31","1.31","6.58","3.00","3.86","-0.1","6432"
"Ricky Nolasco","8","11","4.43","27","27","160.0","176","79","19","121","36","1.32","6.83","2.04","3.86","1.7","3830"
"Anthony Varvaro","3","3","3.64","0","47","58.0","53","24","4","49","29","1.40","7.65","4.46","3.86","-0.2","2385"
"Clay Buchholz","7","5","3.79","19","19","116.0","110","49","12","94","39","1.29","7.28","3.01","3.87","1.5","3543"
"Danny Duffy","4","4","4.08","13","15","81.0","76","36","7","79","40","1.44","8.87","4.45","3.87","0.7","3542"
"Joe Kelly","7","7","3.86","19","28","126.0","131","54","10","83","43","1.38","5.93","3.09","3.88","0.3","9761"
"Ubaldo Jimenez","10","9","4.08","27","27","154.0","143","70","18","161","69","1.38","9.43","4.06","3.88","2.1","3374"
"Neil Wagner","3","3","4.06","0","50","51.0","49","23","6","49","21","1.37","8.64","3.67","3.88","0.2","8162"
"A.J. Burnett","7","10","4.10","25","25","152.0","147","69","16","146","62","1.38","8.63","3.70","3.88","1.3","512"
"Josh Lueke","2","3","4.18","0","48","64.0","65","30","6","54","25","1.39","7.59","3.46","3.88","-0.2","5722"
"Gonzalez Germen","5","7","4.09","0","58","71.0","69","32","8","62","25","1.32","7.87","3.11","3.88","-0.3","5876"
"Phil Coke","2","3","4.57","0","51","41.0","44","21","4","34","16","1.45","7.41","3.47","3.89","0.2","5535"
"Justin Grimm","6","9","4.28","20","31","116.0","122","55","10","85","42","1.41","6.60","3.27","3.90","0.7","11720"
"Jesse Chavez","4","4","4.16","9","33","87.0","86","40","10","74","27","1.30","7.69","2.75","3.90","0.1","5448"
"Scott Downs","2","3","4.06","0","50","33.0","32","15","2","27","16","1.47","7.41","4.45","3.90","0.0","773"
"Henderson Alvarez","6","9","3.96","22","22","133.0","139","59","10","71","36","1.31","4.80","2.45","3.92","1.0","5669"
"Alex Torres","2","2","3.70","0","54","56.0","46","23","3","59","38","1.49","9.46","6.09","3.93","-0.2","7038"
"Jose Quintana","6","8","4.10","28","29","164.0","165","75","19","133","52","1.32","7.27","2.85","3.93","1.7","11423"
"Al Alburquerque","3","3","4.01","0","46","45.0","37","20","6","62","28","1.46","12.56","5.73","3.93","0.0","6324"
"Brandon McCarthy","6","8","4.38","20","20","122.0","135","59","14","79","22","1.29","5.83","1.64","3.93","1.2","4662"
"Blake Parker","1","2","3.90","0","43","45.0","41","19","5","45","20","1.35","9.06","3.95","3.94","-0.1","5224"
"Matt Albers","2","2","4.12","0","51","54.0","53","25","5","43","22","1.38","7.24","3.66","3.94","0.0","4300"
"Justin Wilson","3","3","3.41","0","56","63.0","54","24","5","53","30","1.34","7.66","4.35","3.94","-0.1","4301"
"Chris Perez","3","4","3.90","0","55","53.0","48","23","6","49","18","1.26","8.45","3.05","3.95","-0.3","5213"
"Kevin Slowey","3","5","4.31","11","17","75.0","83","36","9","52","16","1.32","6.17","1.91","3.95","0.4","9918"
"Wei-Yin Chen","8","8","4.12","25","25","145.0","148","67","18","116","41","1.30","7.19","2.53","3.95","1.5","13071"
"Wilton Lopez","2","3","4.51","0","58","60.0","68","30","7","40","12","1.34","6.11","1.80","3.96","0.2","4227"
"Ross Detwiler","5","6","4.07","16","22","99.0","103","45","9","61","29","1.35","5.56","2.69","3.96","0.5","2859"
"Tyler Chatwood","6","8","4.32","23","24","119.0","130","57","9","79","44","1.46","5.95","3.35","3.97","1.6","4338"
"Jose Veras","2","3","3.92","0","58","53.0","45","23","5","59","28","1.38","9.99","4.82","3.97","-0.1","2063"
"Taylor Jordan","6","7","4.08","19","19","103.0","110","47","9","58","28","1.33","5.10","2.41","3.98","0.9","10466"
"Juan Nicasio","5","7","4.52","21","21","112.0","121","56","13","90","36","1.40","7.24","2.91","3.98","1.5","7731"
"Ian Krol","2","2","4.39","0","56","51.0","52","25","7","46","14","1.31","8.16","2.54","3.98","0.0","10066"
"Jared Hughes","2","3","3.95","0","46","51.0","50","22","4","35","18","1.35","6.12","3.27","3.99","-0.3","9325"
"Kyle Lohse","8","9","3.86","24","24","148.0","149","63","19","104","32","1.23","6.37","1.97","4.00","1.3","739"
"Tommy Hunter","4","4","4.09","0","62","70.0","69","32","10","60","15","1.20","7.68","1.87","4.00","0.1","1157"
"Chad Qualls","2","4","4.48","0","52","48.0","51","24","5","35","15","1.37","6.57","2.77","4.01","-0.1","2170"
"Blake Treinen","4","5","4.13","13","21","85.0","89","39","9","53","20","1.30","5.66","2.18","4.01","0.2","12572"
"Travis Wood","9","10","3.80","28","28","166.0","156","70","18","129","53","1.25","6.97","2.85","4.02","1.5","9884"
"Preston Claiborne","1","1","4.34","0","45","52.0","54","25","7","44","16","1.34","7.65","2.77","4.03","0.0","10500"
"Wade Davis","6","9","4.52","19","28","120.0","129","60","13","106","47","1.47","7.95","3.55","4.04","0.6","7441"
"Jonathan Broxton","2","2","3.71","0","33","32.0","29","13","3","28","12","1.31","7.86","3.52","4.04","-0.1","4759"
"Will Smith","5","8","4.27","14","39","116.0","115","55","14","104","40","1.34","8.07","3.09","4.05","0.0","8048"
"Yordano Ventura","6","7","4.19","23","23","122.0","122","57","12","105","51","1.42","7.74","3.76","4.05","1.3","11855"
"John Lackey","11","9","4.24","23","24","147.0","152","69","21","125","37","1.28","7.65","2.27","4.05","1.5","1507"
"Felix Doubront","7","7","4.37","22","26","123.0","122","59","14","112","51","1.41","8.20","3.75","4.05","1.2","1478"
"Brandon Gomes","3","3","4.21","0","46","47.0","44","22","6","48","18","1.32","9.21","3.47","4.06","-0.3","2267"
"J.J. Hoover","4","4","3.85","0","59","57.0","48","24","7","62","27","1.31","9.83","4.22","4.06","0.2","9037"
"Xavier Cedeno","1","1","4.03","0","50","43.0","41","19","4","37","18","1.39","7.80","3.90","4.06","-0.2","36"
"Edinson Volquez","6","10","4.48","25","26","143.0","147","71","13","112","61","1.45","7.05","3.84","4.06","0.6","3990"
"Marc Rzepczynski","2","2","4.15","0","62","54.0","53","25","5","44","23","1.42","7.32","3.88","4.06","-0.1","6612"
"Bud Norris","8","9","4.39","26","26","153.0","155","75","19","138","56","1.38","8.12","3.28","4.07","1.5","9492"
"Erik Bedard","6","7","4.29","18","21","102.0","98","48","11","93","45","1.40","8.22","3.99","4.08","0.3","126"
"Jenrry Mejia","3","5","4.28","13","19","73.0","74","35","7","58","32","1.45","7.11","3.91","4.09","0.0","8476"
"Justin De Fratus","2","3","4.26","0","50","53.0","52","25","5","45","22","1.39","7.69","3.70","4.09","-0.1","4955"
"Tom Wilhelmsen","2","3","4.15","0","59","62.0","56","28","6","58","32","1.42","8.50","4.61","4.09","-0.2","9975"
"Carlos Torres","6","9","4.06","14","39","112.0","107","50","13","92","38","1.30","7.46","3.06","4.10","-0.4","7624"
"Garrett Richards","6","7","4.40","18","35","126.0","130","62","11","91","52","1.45","6.53","3.73","4.10","0.0","9784"
"Mark Buehrle","9","9","4.19","24","24","152.0","163","71","19","101","35","1.30","5.95","2.05","4.10","1.3","225"
"Michael Pineda","3","5","4.51","15","15","76.0","75","38","10","70","26","1.34","8.29","3.10","4.11","0.8","5372"
"Ryan Webb","3","3","4.18","0","57","61.0","63","28","6","43","20","1.37","6.28","3.00","4.12","-0.1","7474"
"Dan Jennings","3","5","4.18","0","54","56.0","55","26","5","46","26","1.44","7.37","4.16","4.12","-0.3","8073"
"Dan Straily","9","8","4.02","28","28","155.0","144","69","19","143","59","1.31","8.27","3.42","4.12","1.4","9460"
"Phil Hughes","6","11","4.70","24","25","130.0","141","68","18","109","36","1.36","7.57","2.48","4.13","1.1","7450"
"Steve Delabar","4","4","3.99","0","51","54.0","46","24","7","66","32","1.45","11.11","5.40","4.13","0.1","11827"
"Zac Rosscup","1","1","3.83","0","33","34.0","29","14","3","38","21","1.47","10.03","5.48","4.13","0.2","9419"
"Charlie Morton","5","7","4.14","20","20","112.0","117","51","9","73","39","1.40","5.86","3.12","4.13","0.4","4676"
"Caleb Thielbar","3","4","4.23","0","54","61.0","60","29","7","52","23","1.36","7.72","3.45","4.13","-0.2","10078"
"Jason Hammel","5","8","4.19","20","22","121.0","121","56","14","94","42","1.35","7.02","3.16","4.13","1.0","4538"
"James Russell","3","4","4.15","0","65","52.0","52","24","6","40","18","1.33","6.97","3.03","4.14","-0.2","4089"
"Josh Fields","2","2","4.36","0","41","44.0","42","22","6","47","22","1.44","9.50","4.38","4.15","0.1","5070"
"Hector Santiago","6","5","3.92","17","30","112.0","104","49","12","104","50","1.37","8.32","4.03","4.15","0.4","4026"
"Michael Kohn","2","2","4.02","0","59","53.0","47","24","7","57","25","1.35","9.72","4.19","4.16","-0.2","8505"
"Trevor Cahill","9","11","4.17","26","27","153.0","152","71","15","116","62","1.40","6.82","3.64","4.16","1.0","6249"
"Mike Leake","8","10","4.09","26","27","161.0","167","73","20","106","37","1.27","5.95","2.07","4.16","0.8","10130"
"Scott Feldman","6","9","4.43","20","23","116.0","123","57","13","83","37","1.37","6.44","2.83","4.17","0.5","6283"
"Wandy Rodriguez","6","7","4.06","18","18","107.0","106","48","14","76","29","1.26","6.38","2.45","4.17","0.4","2586"
"Kevin Jepsen","2","3","4.29","0","49","44.0","44","21","5","41","18","1.40","8.42","3.67","4.17","-0.3","6475"
"Chris Tillman","11","11","4.14","29","29","168.0","161","77","23","149","58","1.30","7.98","3.12","4.18","1.6","5279"
"Chris Capuano","6","7","4.56","18","25","109.0","116","55","15","82","31","1.35","6.79","2.55","4.18","0.6","1701"
"Robbie Erlin","5","7","4.32","20","22","103.0","105","50","12","78","36","1.37","6.83","3.15","4.18","0.3","10354"
"Kyle Kendrick","7","11","4.37","22","28","137.0","146","66","16","90","36","1.33","5.91","2.37","4.19","0.4","6230"
"Dillon Gee","6","9","4.31","23","24","141.0","146","67","18","104","40","1.32","6.63","2.55","4.19","0.4","7396"
"Brian Schlitter","2","4","4.38","0","47","56.0","59","27","6","35","17","1.36","5.65","2.71","4.19","-0.1","3599"
"Ivan Nova","8","11","4.30","24","25","147.0","154","70","17","108","47","1.37","6.63","2.87","4.20","1.1","1994"
"Jonathan Pettibone","5","8","4.36","21","21","115.0","124","56","11","73","40","1.42","5.66","3.12","4.20","0.5","7106"
"Ronald Belisario","4","6","4.40","0","65","60.0","61","30","5","47","27","1.47","6.96","4.06","4.20","-0.1","2203"
"R.A. Dickey","10","11","4.12","26","27","172.0","166","79","23","142","54","1.28","7.44","2.84","4.21","1.5","1245"
"Jared Burton","3","4","4.29","0","55","51.0","50","25","7","48","19","1.33","8.37","3.26","4.21","0.0","8346"
"Scott Rice","2","3","4.04","0","51","43.0","41","19","3","32","21","1.46","6.63","4.46","4.21","-0.4","2743"
"Tyler Lyons","6","7","4.43","17","23","105.0","110","52","11","75","35","1.38","6.39","3.02","4.22","-0.1","11334"
"Luis Avilan","4","4","3.75","0","67","57.0","52","24","5","42","24","1.34","6.75","3.74","4.22","-0.4","2882"
"Drew Hutchison","3","4","4.39","13","14","60.0","60","29","8","55","24","1.40","8.18","3.61","4.24","0.4","10732"
"Jake Diekman","2","3","4.23","0","59","56.0","51","26","5","62","39","1.59","9.91","6.20","4.25","-0.4","5003"
"Brad Lincoln","2","3","4.23","0","47","55.0","54","26","7","50","21","1.36","8.13","3.44","4.26","-0.4","4241"
"Brandon Workman","7","7","4.48","17","27","103.0","107","51","14","86","35","1.38","7.54","3.08","4.26","0.3","11428"
"Bryan Morris","3","5","4.23","0","50","65.0","66","30","7","43","21","1.35","5.93","2.98","4.28","-0.6","10234"
"Stolmy Pimentel","5","6","4.22","19","23","118.0","120","55","11","73","42","1.38","5.61","3.19","4.28","0.6","6415"
"Paul Maholm","7","9","4.22","21","23","128.0","134","60","15","84","38","1.34","5.89","2.64","4.28","-0.1","8678"
"Tanner Roark","7","10","4.22","18","30","121.0","125","57","12","77","39","1.36","5.77","2.93","4.28","0.0","8753"
"Jeanmar Gomez","5","7","4.24","16","29","109.0","111","51","11","66","38","1.36","5.40","3.14","4.28","-0.2","9033"
"Arquimedes Caminero","2","4","4.42","0","42","45.0","44","22","5","42","21","1.44","8.38","4.19","4.28","-0.3","8992"
"Alexi Ogando","5","5","4.15","14","35","93.0","90","43","12","73","31","1.30","7.08","3.01","4.29","0.3","10261"
"Martin Perez","9","10","4.38","24","26","142.0","153","69","16","97","49","1.42","6.15","3.12","4.31","1.0","6902"
"Tanner Scheppers","3","3","4.15","2","61","69.0","70","32","9","55","22","1.33","7.16","2.80","4.32","0.1","10267"
"Carlos Marmol","2","3","4.03","0","54","51.0","42","23","5","61","35","1.51","10.80","6.22","4.32","-0.4","2790"
"Bruce Chen","6","8","4.46","17","23","108.0","113","54","14","79","34","1.35","6.60","2.82","4.33","0.4","769"
"Dallas Keuchel","5","11","5.02","23","26","139.0","158","78","17","97","45","1.46","6.27","2.94","4.34","0.5","9434"
"Jorge de la Rosa","5","7","4.69","17","17","87.0","94","46","10","65","33","1.46","6.73","3.44","4.34","0.9","2047"
"Lucas Luetge","1","2","4.61","0","48","49.0","49","25","5","45","25","1.50","8.17","4.59","4.36","-0.3","8337"
"Jordan Lyles","6","12","5.18","26","27","143.0","170","83","16","90","43","1.48","5.65","2.71","4.36","1.4","7593"
"Ryan Vogelsong","5","8","4.37","21","22","118.0","121","57","14","85","41","1.38","6.52","3.13","4.37","0.1","1011"
"Rob Wooten","2","3","4.60","0","51","59.0","62","30","7","42","21","1.41","6.48","3.17","4.37","-0.4","8532"
"Wily Peralta","7","12","4.51","26","26","145.0","148","72","16","115","65","1.47","7.15","4.02","4.38","0.6","7738"
"Raul Valdes","2","4","4.91","6","27","59.0","64","32","9","50","19","1.40","7.68","2.87","4.40","3.5","1953"
"Luke Putkonen","2","3","4.60","0","43","54.0","57","28","6","44","25","1.51","7.40","4.14","4.42","0.0","6736"
"Carlos Carrasco","4","7","5.05","19","23","103.0","114","58","13","79","40","1.49","6.89","3.46","4.42","-0.1","6632"
"David Phelps","3","6","4.72","12","26","88.0","89","46","13","82","33","1.39","8.42","3.42","4.42","0.0","6316"
"Blake Wood","2","2","4.51","0","35","37.0","36","18","3","33","23","1.61","8.24","5.63","4.43","-0.3","1345"
"Shawn Tolleson","1","2","4.80","0","32","33.0","32","18","5","35","15","1.41","9.39","3.94","4.43","0.0","10481"
"Jeff Beliveau","3","4","4.25","0","43","48.0","45","22","6","48","26","1.48","9.03","4.92","4.44","-0.5","8504"
"Cesar Ramos","2","3","4.50","3","43","59.0","59","30","7","45","24","1.41","6.83","3.67","4.44","-0.5","3357"
"James Paxton","5","8","4.47","21","22","103.0","101","51","13","91","48","1.44","7.89","4.14","4.44","0.3","11828"
"Dustin McGowan","1","2","4.36","2","30","37.0","36","18","4","34","20","1.50","8.20","4.78","4.44","-0.1","8600"
"J.A. Happ","6","8","4.80","19","21","102.0","103","54","14","92","47","1.47","8.08","4.17","4.45","0.3","7410"
"Miguel Gonzalez","7","9","4.40","22","26","132.0","133","65","19","102","43","1.33","6.95","2.95","4.45","0.7","7024"
"Keith Butler","1","2","4.36","0","43","47.0","45","23","5","40","24","1.47","7.68","4.62","4.47","-0.5","10080"
"Jeremy Jeffress","2","2","4.47","0","38","45.0","44","23","4","40","27","1.57","7.89","5.35","4.48","-0.3","9490"
"Erik Johnson","6","9","4.58","22","22","117.0","118","59","14","98","52","1.46","7.51","4.02","4.49","0.8","12520"
"Jarred Cosart","5","7","4.48","22","23","116.0","118","58","11","85","61","1.55","6.62","4.76","4.51","0.3","10304"
"Erasmo Ramirez","5","8","4.72","20","24","114.0","120","60","15","85","40","1.40","6.73","3.14","4.51","0.1","10314"
"Donn Roach","5","9","4.70","18","21","99.0","108","52","7","46","42","1.52","4.24","3.81","4.52","-0.1","10620"
"Adam Warren","2","3","4.67","2","40","68.0","72","35","10","57","28","1.47","7.46","3.74","4.52","-0.2","9029"
"Nick Maronde","2","3","4.64","6","39","60.0","61","31","7","49","27","1.47","7.42","4.13","4.52","-0.6","12530"
"Bronson Arroyo","7","11","4.53","23","23","140.0","154","71","21","80","28","1.29","5.14","1.77","4.53","0.6","978"
"Logan Ondrusek","2","3","4.29","0","54","52.0","51","25","7","42","22","1.39","7.29","3.69","4.54","-0.3","3677"
"Colby Lewis","3","5","4.78","12","12","69.0","72","37","12","57","18","1.30","7.41","2.38","4.54","0.4","1259"
"Jose Valverde","1","2","4.40","0","45","43.0","40","21","6","41","19","1.36","8.49","3.91","4.56","-0.4","1726"
"Drew Pomeranz","6","7","4.57","20","25","104.0","101","53","13","88","52","1.48","7.67","4.53","4.57","0.1","11426"
"Jose Dominguez","1","2","4.46","0","34","39.0","36","19","4","38","24","1.56","8.74","5.65","4.57","-0.5","11571"
"Zach Putnam","2","3","4.79","0","33","41.0","43","22","5","31","18","1.51","6.91","4.08","4.58","-0.3","9080"
"Jacob Turner","4","9","4.49","23","23","129.0","135","65","13","79","56","1.47","5.52","3.87","4.59","0.2","10185"
"Jeurys Familia","2","3","4.54","9","21","54.0","55","27","6","42","28","1.54","7.13","4.73","4.59","-0.5","5114"
"Brandon Maurer","4","9","5.04","19","23","107.0","118","60","12","80","49","1.56","6.74","4.12","4.60","-0.1","4878"
"David Huff","5","9","4.77","17","30","110.0","120","58","13","66","37","1.42","5.38","3.05","4.61","-1.0","4257"
"Kevin Correia","6","12","5.00","23","24","134.0","158","75","19","75","36","1.45","5.00","2.45","4.61","0.3","1767"
"Jake Petricka","2","4","4.57","0","43","61.0","62","31","5","50","38","1.64","7.37","5.56","4.61","-0.4","10534"
"Evan Reed","2","3","5.06","0","40","51.0","56","28","5","38","26","1.61","6.66","4.59","4.62","-0.3","1349"
"Josh Wall","2","3","4.91","0","47","50.0","53","27","6","37","23","1.52","6.55","4.11","4.62","-0.6","4436"
"Justin Miller","2","3","4.73","0","35","41.0","43","22","5","34","20","1.54","7.47","4.40","4.62","-0.1","8580"
"Chad Bettis","3","7","5.21","17","27","102.0","117","59","15","76","35","1.49","6.68","3.07","4.65","0.3","10587"
"Matt Shoemaker","6","10","5.04","22","24","138.0","162","77","21","84","32","1.41","5.51","2.10","4.65","-0.3","4776"
"Yoervis Medina","4","6","4.45","0","54","62.0","56","31","8","64","39","1.54","9.30","5.73","4.66","-0.5","10498"
"Tom Koehler","5","11","4.63","23","26","131.0","136","67","15","93","62","1.51","6.37","4.27","4.67","-0.2","6570"
"Jake Odorizzi","7","9","4.57","22","24","120.0","120","61","14","88","55","1.46","6.63","4.09","4.68","-0.1","6397"
"Chris Rusin","5","10","4.74","23","24","130.0","144","69","16","69","42","1.43","4.77","2.89","4.68","0.6","9895"
"Esmil Rogers","3","6","5.08","11","40","97.0","106","55","15","80","35","1.46","7.48","3.25","4.69","-0.6","6317"
"Luis Garcia","2","3","4.60","0","48","57.0","56","29","7","45","29","1.51","7.08","4.66","4.69","-0.7","6984"
"Anthony Bass","3","6","5.26","13","32","93.0","107","54","13","63","34","1.52","6.11","3.31","4.69","-0.6","7982"
"Francisley Bueno","2","4","4.90","0","37","53.0","58","29","6","32","22","1.52","5.48","3.80","4.70","-0.5","5980"
"Daniel Webb","1","2","4.82","0","41","56.0","55","30","5","47","34","1.61","7.64","5.54","4.70","-0.3","10558"
"Lucas Harrell","6","12","5.13","20","26","124.0","135","71","15","87","58","1.56","6.28","4.24","4.71","-0.2","7541"
"Tyler Thornburg","4","7","4.71","18","30","108.0","109","57","15","92","49","1.47","7.68","4.11","4.72","-0.4","10688"
"Jeremy Guthrie","7","11","4.74","24","25","150.0","170","79","21","87","44","1.42","5.23","2.61","4.73","0.2","2072"
"Roberto Hernandez","4","9","5.08","18","20","105.0","116","59","16","75","31","1.39","6.43","2.61","4.74","-0.2","3273"
"Kyle Gibson","3","7","5.23","18","19","90.0","103","52","11","59","38","1.57","5.95","3.83","4.74","0.1","10123"
"Donnie Veal","3","5","4.73","0","55","47.0","45","25","5","45","33","1.65","8.66","6.31","4.75","-0.2","4741"
"Jason Vargas","7","12","4.71","27","27","172.0","181","90","29","111","45","1.31","5.78","2.33","4.76","0.2","8044"
"Zach Britton","6","9","4.97","21","26","116.0","128","64","15","82","53","1.56","6.34","4.11","4.76","-0.1","3240"
"Jerome Williams","4","9","5.25","15","28","117.0","133","68","19","82","37","1.45","6.29","2.83","4.76","-0.6","1137"
"Samuel Deduno","4","8","4.77","17","20","97.0","98","51","10","72","53","1.57","6.72","4.93","4.77","-0.1","5285"
"Mike Pelfrey","3","9","5.52","19","20","105.0","126","64","15","68","39","1.57","5.78","3.36","4.78","0.0","5203"
"Josh Lindblom","4","5","4.66","10","40","80.0","82","42","11","58","33","1.44","6.53","3.70","4.81","-0.6","7882"
"John Danks","4","9","5.11","19","19","112.0","124","64","17","77","39","1.45","6.20","3.12","4.83","0.3","6329"
"Zach Duke","3","6","5.20","8","36","75.0","88","43","11","45","24","1.50","5.47","2.88","4.83","-0.7","3840"
"Thomas Kahnle","1","3","5.08","0","38","49.0","49","28","6","49","35","1.70","8.86","6.44","4.84","-0.2","11384"
"Randall Delgado","5","10","4.92","23","27","128.0","135","70","20","96","49","1.44","6.74","3.47","4.86","-0.1","5985"
"Franklin Morales","2","4","5.00","6","33","53.0","56","30","8","46","25","1.51","7.79","4.13","4.87","-0.2","5088"
"Brad Peacock","5","11","5.29","21","26","119.0","123","70","19","110","57","1.52","8.35","4.33","4.88","-0.2","5401"
"Charles Riefenhauser","2","3","4.78","0","45","54.0","55","29","7","41","26","1.50","6.89","4.25","4.91","-0.9","11193"
"Ryan Rowland-Smith","2","5","5.12","6","27","57.0","61","32","7","41","29","1.58","6.42","4.60","4.93","-0.6","3245"
"Brett Oberholtzer","5","12","5.32","22","24","127.0","142","75","21","91","41","1.45","6.45","2.93","4.93","-0.3","3855"
"Joe Saunders","7","12","5.16","22","22","130.0","148","75","20","77","44","1.48","5.33","3.04","4.94","0.6","4366"
"Vidal Nuno","2","5","5.31","10","17","63.0","71","37","12","49","18","1.41","6.93","2.61","4.94","-0.3","9674"
"Brad Hand","4","8","4.76","19","22","97.0","97","51","12","78","55","1.56","7.28","5.10","4.94","-0.5","9111"
"Felipe Paulino","2","4","5.09","11","15","61.0","63","35","11","59","29","1.49","8.62","4.21","4.95","-0.2","3777"
"Josh Zeid","1","3","5.24","0","50","52.0","54","30","8","49","29","1.59","8.43","4.98","4.96","-0.7","6527"
"John Lannan","4","10","5.17","19","22","104.0","118","60","12","57","45","1.56","4.96","3.90","4.97","-0.9","7080"
"Bo Schultz","2","5","5.05","6","26","50.0","56","28","6","28","23","1.56","4.95","4.10","4.97","-0.5","5028"
"Cesar Cabral","1","2","5.28","0","30","36.0","38","21","4","31","22","1.67","7.79","5.56","4.98","-0.4","6741"
"Daisuke Matsuzaka","3","7","5.18","15","17","78.0","81","45","11","60","39","1.54","6.97","4.54","4.99","-0.7","7775"
"Jeff Manship","3","7","5.24","11","28","79.0","88","46","10","46","36","1.58","5.31","4.12","5.01","-0.9","6865"
"David Hale","4","7","5.02","18","22","101.0","110","56","12","63","50","1.58","5.65","4.46","5.04","-0.7","9756"
"Joe Beimel","1","2","5.20","0","30","29.0","31","17","4","20","14","1.56","6.39","4.30","5.04","-0.4","979"
"Seth Rosin","3","5","5.18","12","27","78.0","85","45","12","51","30","1.47","5.83","3.41","5.06","-0.5","10606"
"Jose Alvarez","5","9","5.49","19","24","108.0","128","66","18","68","34","1.50","5.68","2.86","5.07","-0.9","5358"
"Andre Rienzo","4","8","5.17","19","20","103.0","110","59","14","78","52","1.58","6.81","4.56","5.08","0.9","3507"
"Michael Mariot","2","6","5.55","6","33","69.0","80","43","9","43","32","1.62","5.54","4.18","5.12","-0.8","10835"
"B.J. Rosenberg","2","6","5.32","8","41","76.0","83","45","11","55","38","1.60","6.56","4.56","5.14","-1.0","7183"
"Blake Beavan","4","11","5.61","20","23","126.0","152","78","22","61","29","1.45","4.36","2.10","5.16","-0.8","338"
"Todd Redmond","4","8","5.36","18","22","104.0","115","62","20","85","36","1.44","7.29","3.08","5.17","-0.4","9943"
"Kevin Chapman","2","4","5.39","0","50","52.0","51","31","7","49","39","1.76","8.60","6.88","5.32","-0.9","11240"
"Trevor Bell","1","3","5.36","5","22","44.0","49","26","7","28","19","1.54","5.64","3.89","5.41","-0.8","7074"
"Evan Meek","2","4","5.57","6","34","60.0","67","37","8","39","34","1.68","5.80","5.07","5.42","-0.8","5109"
"Daniel McCutchen","2","4","5.63","2","32","51.0","58","32","9","32","21","1.56","5.68","3.75","5.42","-0.7","263"
"Pedro Beato","2","5","5.37","0","40","48.0","53","29","7","31","25","1.61","5.84","4.69","5.43","-1.0","1330"
"Paul Clemens","3","10","6.07","15","27","97.0","116","65","18","64","38","1.59","5.94","3.55","5.48","-1.3","8037"
"Justin Marks","3","9","5.92","16","20","93.0","108","61","13","60","53","1.74","5.87","5.13","5.51","-0.9","10265"
"Hector Noesi","3","7","5.92","13","28","95.0","112","63","18","60","38","1.57","5.68","3.55","5.58","-1.1","3292"
"Nick Christiani","2","5","5.45","0","48","55.0","61","33","9","31","23","1.53","5.06","3.80","5.60","-1.2","10332"
"Trevor Bauer","4","9","5.78","21","21","105.0","110","67","15","89","80","1.82","7.66","6.87","5.67","-0.9","12703"
"Curtis Partch","1","2","5.24","0","41","51.0","49","30","9","41","29","1.55","7.20","5.19","5.79","-1.1","1333"
"Maikel Cleto","1","4","6.05","4","44","63.0","67","42","9","58","55","1.93","8.19","7.87","5.85","-1.0","5529"
"Dellin Betances","2","7","6.12","13","32","82.0","86","56","12","79","72","1.91","8.63","7.84","5.87","-1.3","6216"
"Chris Young","1","3","5.99","10","11","50.0","59","34","10","27","22","1.61","4.74","3.86","5.91","-0.7","3196"
"Josh Stinson","4","9","6.14","17","34","110.0","129","75","17","57","66","1.77","4.64","5.40","6.06","-1.8","3219"
"Pedro Figueroa","2","4","6.24","0","46","52.0","60","36","9","33","32","1.74","5.69","5.42","6.14","-1.2","6616"
