"Name","G","PA","AB","H","2B","3B","HR","R","RBI","BB","SO","HBP","SB","CS","AVG","OBP","SLG","OPS","wOBA","Fld","BsR","WAR","playerid"
"Mike Trout","131","594","502","152","30","8","25","100","80","83","117","6","34","5",".303",".406",".542",".948",".411","4.9","4.0","8.1","10155"
"Miguel Cabrera","129","560","488","152","29","1","31","76","101","66","85","3","2","1",".312",".396",".563",".959",".410","-2.5","-0.6","4.8","1744"
"Jose Bautista","98","433","356","96","18","1","25","67","65","72","74","3","6","3",".269",".395",".533",".928",".403","-1.6","-0.5","3.8","1887"
"Troy Tulowitzki","107","439","385","118","25","2","22","62","72","48","63","3","4","1",".306",".384",".548",".932",".403","7.6","-0.4","5.0","3531"
"Joey Votto","119","527","425","122","26","1","21","70","65","95","102","5","6","3",".288",".421",".501",".922",".401","2.1","-1.0","4.3","4314"
"Ryan Braun","124","534","478","144","28","3","27","81","94","47","94","5","18","6",".301",".367",".545",".912",".393","0.0","0.5","4.3","3410"
"David Ortiz","94","404","348","100","22","1","21","51","64","53","63","1","1","0",".289",".382",".535",".917",".388","0.0","-0.2","2.5","745"
"Giancarlo Stanton","113","473","409","106","25","1","29","67","73","58","136","4","4","1",".258",".355",".536",".890",".382","3.7","-0.3","3.8","4949"
"Jose Abreu","110","459","399","109","21","1","24","68","64","46","82","10","1","4",".272",".360",".512",".872",".381","-2.0","-1.7","2.5","15676"
"Bryce Harper","116","488","426","119","23","6","21","74","61","54","99","3","12","5",".280",".362",".513",".875",".381","1.3","-0.4","3.7","11579"
"Andrew McCutchen","130","561","482","139","28","4","20","81","71","69","98","6","19","7",".289",".382",".487",".869",".380","1.0","0.1","5.2","9847"
"Edwin Encarnacion","113","478","416","114","25","1","23","65","74","55","69","4","6","1",".273",".362",".505",".866",".378","-1.7","0.1","2.8","2151"
"Paul Goldschmidt","127","543","472","131","30","1","25","75","90","64","131","3","11","4",".278",".365",".506",".871",".377","0.7","0.0","3.2","9218"
"Chris Davis","124","510","451","119","22","1","32","70","88","48","156","8","3","2",".265",".344",".531",".875",".377","-1.8","-0.8","2.8","9272"
"Carlos Gonzalez","110","458","414","116","23","4","23","67","73","40","104","2","17","4",".281",".345",".524",".869",".375","-0.1","1.5","2.5","7287"
"Freddie Freeman","131","550","483","139","27","1","22","75","85","56","113","6","1","1",".288",".368",".485",".853",".373","0.0","-0.7","3.1","5361"
"Yasiel Puig","120","481","428","123","22","6","17","76","66","41","94","8","13","9",".287",".359",".486",".845",".370","3.2","-1.4","3.5","14225"
"Shin-Soo Choo","111","494","407","109","23","2","14","65","49","70","103","13","14","8",".268",".389",".433",".823",".368","-0.6","-1.0","2.7","3174"
"Michael Cuddyer","96","396","360","105","22","2","15","51","59","32","66","1","6","2",".293",".350",".493",".843",".367","-8.0","-0.1","0.8","1534"
"Buster Posey","120","481","425","123","24","1","16","59","68","48","69","5","2","1",".290",".367",".469",".836",".366","3.8","-0.5","4.9","9166"
"Prince Fielder","129","555","472","127","25","0","23","62","79","71","88","10","1","1",".268",".373",".468",".841",".365","-4.6","-0.9","1.9","4613"
"Mike Napoli","102","410","351","88","21","1","19","47","58","51","121","5","1","1",".250",".352",".472",".824",".363","1.9","-0.7","2.0","3057"
"Matt Holliday","113","484","424","118","26","1","16","64","71","52","81","6","4","2",".278",".362",".461",".823",".362","-3.4","-0.6","2.4","1873"
"Albert Pujols","105","464","417","116","25","0","23","62","73","41","53","4","4","1",".277",".345",".500",".845",".362","2.3","0.1","2.9","1177"
"Hanley Ramirez","101","421","378","104","24","2","17","61","60","37","72","3","15","6",".275",".344",".484",".828",".362","-5.6","0.4","3.0","8001"
"Justin Morneau","97","405","368","106","24","1","15","47","66","30","60","4","0","0",".289",".347",".479",".827",".361","0.0","-0.5","1.2","1737"
"Adrian Beltre","111","469","434","127","24","1","20","58","67","29","56","4","1","0",".294",".341",".490",".831",".361","2.8","-0.4","3.3","639"
"Justin Upton","128","545","474","126","23","3","22","79","65","60","134","6","13","4",".266",".354",".466",".820",".360","0.7","0.1","3.2","5222"
"Mark Teixeira","68","291","250","62","12","0","14","37","55","35","56","4","1","1",".247",".347",".465",".812",".358","3.1","-0.5","1.6","1281"
"Jayson Werth","102","426","372","101","19","1","15","56","53","47","89","5","9","1",".271",".358",".451",".809",".358","-2.4","0.6","2.1","1327"
"Mark Trumbo","120","494","456","120","24","2","28","66","89","33","117","2","4","3",".263",".314",".513",".827",".357","-7.7","-0.7","1.4","6876"
"Adrian Gonzalez","126","537","485","139","29","1","21","66","85","45","94","2","1","0",".286",".347",".477",".824",".357","5.7","-0.4","3.2","1908"
"Chase Utley","94","397","352","96","20","4","13","53","52","34","54","8","7","2",".274",".350",".463",".813",".355","2.7","0.3","2.9","1679"
"Ryan Zimmerman","107","459","413","114","22","1","18","60","63","41","87","1","4","1",".277",".343",".468",".811",".355","-2.3","-0.1","2.8","4220"
"Carlos Santana","120","506","423","104","26","1","17","62","64","79","96","2","3","1",".245",".365",".434",".799",".354","-1.5","-0.7","3.1","2396"
"Mark Reynolds","110","434","375","87","17","1","24","56","71","52","133","4","3","1",".233",".331",".475",".806",".354","-1.7","-0.4","1.7","7619"
"Eric Hosmer","131","551","502","149","28","2","15","66","62","44","81","1","10","4",".297",".353",".451",".805",".354","-1.0","0.0","2.1","3516"
"Anthony Rizzo","131","555","486","125","28","2","22","68","79","59","114","6","5","4",".258",".343",".463",".806",".353","5.3","-1.3","2.5","3473"
"Evan Longoria","115","491","432","113","24","1","20","64","70","52","105","4","3","1",".262",".344",".466",".810",".353","7.6","-0.6","4.4","9368"
"Domonic Brown","114","445","403","109","20","3","19","54","61","37","85","2","8","4",".269",".331",".473",".805",".350","-3.1","-0.3","1.7","3154"
"Aramis Ramirez","96","391","353","97","20","1","15","46","64","27","55","8","2","1",".274",".337",".459",".796",".350","-2.8","-0.4","2.0","1002"
"Carlos Gomez","116","426","387","103","19","5","18","60","51","26","106","7","25","5",".266",".320",".480",".800",".350","8.5","2.7","3.8","4881"
"Corey Dickerson","107","417","386","105","24","8","14","49","49","26","86","2","7","6",".272",".320",".483",".803",".349","-2.0","-1.3","1.3","10762"
"Jay Bruce","129","543","478","120","26","3","25","74","89","60","142","2","9","3",".251",".334",".475",".810",".349","4.3","0.0","2.8","9892"
"Carlos Beltran","112","464","421","112","22","1","22","56","66","37","89","1","4","2",".265",".325",".481",".805",".349","-4.5","-0.5","1.4","589"
"David Wright","109","474","418","114","22","3","15","59","63","48","93","4","13","5",".273",".351",".444",".795",".348","-0.1","0.2","3.1","3787"
"Yadier Molina","114","452","417","125","26","0","12","46","61","28","48","3","4","2",".301",".347",".447",".793",".348","6.7","-0.5","4.3","7007"
"Joe Mauer","115","507","439","128","24","1","8","64","49","63","81","2","3","2",".292",".380",".406",".786",".348","3.5","-1.1","2.4","1857"
"Robinson Cano","131","564","508","145","31","2","17","68","72","46","79","6","6","2",".285",".349",".453",".802",".348","2.6","-0.4","3.8","3269"
"Matt Kemp","95","393","354","94","19","1","17","59","59","35","100","2","12","3",".266",".334",".470",".804",".348","-6.5","0.9","1.9","5631"
"Nelson Cruz","120","499","454","117","24","1","25","56","79","39","111","4","6","3",".258",".320",".476",".796",".348","-3.3","-0.4","1.5","2434"
"Brandon Belt","125","472","418","110","24","3","15","62","58","48","114","4","7","3",".263",".342",".446",".789",".347","0.5","-0.3","1.9","10264"
"Matt Joyce","111","391","334","84","20","1","13","49","49","49","78","3","6","3",".253",".350",".436",".786",".347","-0.4","-0.6","1.9","3353"
"Anthony Rendon","105","426","378","102","25","4","10","51","51","40","79","4","2","1",".270",".344",".439",".783",".346","-2.5","-0.4","2.2","12861"
"Adam Lind","105","407","368","98","19","1","17","46","56","36","83","1","1","0",".268",".332",".458",".790",".346","-1.4","-0.3","1.2","8027"
"Jacoby Ellsbury","102","465","424","122","24","4","11","62","45","34","66","3","28","6",".289",".343",".441",".785",".345","3.2","2.9","3.3","4727"
"Josh Willingham","89","371","313","73","16","0","15","43","50","46","96","10","2","1",".234",".347",".428",".775",".345","-4.0","-0.5","1.3","2103"
"Melky Cabrera","115","488","457","136","26","5","11","65","52","26","67","1","10","4",".297",".335",".451",".786",".344","-3.9","-0.1","1.7","4022"
"Brandon Moss","118","440","390","95","19","1","21","56","69","41","117","7","4","2",".243",".323",".463",".786",".344","-0.7","-0.5","1.8","4467"
"Evan Gattis","86","345","320","82","18","1","18","38","53","18","72","4","1","1",".255",".302",".488",".791",".343","-4.5","-0.8","1.9","11003"
"Ben Zobrist","124","536","465","123","27","3","12","69","57","64","81","3","11","4",".265",".355",".415",".770",".343","5.3","0.1","3.9","7435"
"Devin Mesoraco","85","314","285","77","17","1","11","35","45","25","60","2","1","2",".270",".331",".453",".784",".343","0.2","-0.9","2.2","5666"
"Josh Hamilton","107","454","411","109","21","3","17","56","62","37","106","3","4","1",".266",".329",".459",".788",".342","0.5","0.1","2.3","1875"
"Billy Butler","131","546","484","136","26","0","14","54","69","55","85","3","1","0",".282",".356",".423",".778",".342","0.0","-0.6","1.2","7399"
"Jason Castro","95","372","325","82","21","1","12","46","44","39","96","4","1","1",".251",".337",".437",".774",".342","0.2","-0.6","2.5","8722"
"Matt Adams","98","338","318","88","19","1","13","37","45","18","85","0","1","1",".275",".313",".466",".779",".342","0.0","-0.7","1.0","9393"
"Yoenis Cespedes","116","505","459","120","21","3","21","69","72","39","97","4","8","5",".262",".323",".458",".781",".341","0.0","-0.9","2.2","13110"
"Allen Craig","106","427","390","107","22","2","13","50","67","30","74","4","2","0",".274",".330",".441",".771",".340","-1.7","-0.1","1.5","3433"
"Jonathan Lucroy","111","424","386","108","21","3","11","43","59","31","60","3","6","2",".278",".335",".435",".771",".340","0.1","-0.3","2.9","7870"
"Josh Donaldson","122","523","471","123","28","1","18","67","67","45","98","4","5","2",".260",".329",".439",".768",".340","4.7","-0.4","3.4","5038"
"Scott Van Slyke","101","373","331","84","20","2","12","46","47","38","94","2","5","3",".253",".331",".437",".768",".339","0.8","-0.8","1.7","4365"
"Dustin Pedroia","120","542","487","137","31","1","10","64","58","50","59","2","14","5",".282",".350",".414",".764",".339","7.7","0.2","3.7","8370"
"Xander Bogaerts","115","477","426","114","24","3","12","54","50","42","112","5","6","4",".267",".338",".423",".761",".339","-4.5","-1.0","2.3","12161"
"John Jaso","78","263","222","57","12","1","5","30","27","36","44","2","3","1",".255",".363",".383",".746",".339","-3.7","-0.1","1.3","5887"
"Carlos Ruiz","97","363","320","89","21","1","7","42","42","30","42","8","2","1",".277",".352",".414",".767",".339","1.2","-0.3","2.6","2579"
"Jed Lowrie","102","424","376","100","24","1","11","51","46","40","61","4","1","0",".266",".340",".423",".763",".339","-5.7","-0.4","2.1","4418"
"Khris Davis","101","389","347","86","20","1","15","50","51","31","104","8","5","4",".247",".322",".444",".765",".338","-2.6","-0.8","0.9","9112"
"Ian Kinsler","120","548","489","133","28","2","13","74","61","47","59","6","14","8",".272",".342",".418",".760",".338","2.9","-0.8","3.2","6195"
"Adam Jones","131","559","525","145","27","2","22","73","77","23","110","8","11","4",".276",".314",".459",".773",".338","-2.0","0.1","2.7","6368"
"Matt Carpenter","124","513","448","121","28","4","8","68","55","55","88","6","3","2",".271",".355",".401",".756",".338","-0.8","-0.9","2.7","8090"
"Charlie Blackmon","106","418","383","107","23","4","10","51","47","24","64","5","13","4",".281",".329",".439",".768",".338","1.5","0.6","1.4","7859"
"Jason Heyward","114","466","411","103","21","2","16","61","46","47","102","5","10","5",".250",".333",".429",".761",".338","13.0","-0.6","3.1","4940"
"Jason Kipnis","125","542","476","123","25","4","14","71","67","56","108","4","21","5",".260",".341",".418",".759",".338","-2.9","1.5","3.0","9776"
"Alex Gordon","130","574","516","138","32","4","15","74","62","50","111","5","8","4",".267",".336",".429",".765",".338","10.3","-0.7","3.2","5209"
"Victor Martinez","109","452","414","121","23","0","12","45","61","34","39","1","1","1",".292",".343",".431",".773",".338","-0.5","-0.8","1.1","393"
"Adam LaRoche","99","401","353","88","16","1","15","48","57","45","92","1","1","1",".250",".335",".434",".768",".337","2.2","-0.5","1.2","1904"
"Austin Jackson","125","568","500","133","25","8","12","79","48","56","129","3","11","5",".266",".340",".421",".760",".337","-1.6","-0.5","2.7","9848"
"Torii Hunter","115","500","468","135","26","2","13","61","66","22","94","6","4","2",".289",".327",".434",".761",".336","-4.0","-0.5","1.4","731"
"Coco Crisp","99","425","377","100","18","4","11","62","45","42","54","0","24","4",".266",".337",".424",".761",".336","-1.2","2.8","2.5","1572"
"Chris Carter","112","457","397","87","21","1","22","56","62","53","156","3","2","1",".219",".315",".446",".761",".336","-3.3","-0.3","0.7","9911"
"Brian McCann","101","404","360","91","12","0","18","43","58","39","70","4","1","1",".253",".330",".437",".767",".336","-1.3","-0.5","2.3","4810"
"Adam Dunn","107","446","378","80","14","0","23","51","62","63","151","3","1","1",".212",".327",".431",".758",".336","0.0","-0.6","0.7","319"
"Marlon Byrd","119","486","451","124","28","2","14","60","64","23","100","10","2","2",".276",".323",".439",".762",".335","1.6","-0.7","1.7","950"
"Alfonso Soriano","117","482","446","110","23","1","26","63","82","27","129","5","9","4",".247",".295",".477",".772",".335","0.4","-0.4","1.2","847"
"Jarrod Saltalamacchia","97","367","329","82","21","1","14","45","40","35","106","1","1","1",".249",".321",".441",".762",".335","-2.8","-0.4","2.0","5557"
"Nolan Arenado","126","508","476","137","32","3","12","51","57","23","66","2","2","2",".288",".321",".444",".765",".335","8.2","-0.9","2.4","9777"
"Matt Wieters","119","475","430","112","23","0","19","53","69","40","87","2","2","1",".260",".322",".443",".764",".335","4.2","-0.4","3.5","4298"
"Todd Frazier","121","471","421","103","24","3","18","55","65","38","109","8","8","3",".244",".317",".444",".761",".335","2.1","0.0","2.5","785"
"Aaron Hill","103","433","394","106","25","3","11","48","52","30","60","5","5","4",".270",".327",".433",".760",".334","-2.3","-0.8","1.5","6104"
"Lucas Duda","114","435","378","91","17","1","16","49","52","48","111","6","1","1",".241",".335",".414",".750",".334","-9.1","-0.6","0.4","2502"
"Colby Rasmus","114","450","407","99","22","2","20","58","57","37","126","3","3","2",".244",".309",".454",".763",".334","0.6","-0.7","2.1","9893"
"Dayan Viciedo","121","466","429","117","23","2","14","50","55","29","94","4","1","1",".272",".323",".435",".758",".334","-2.8","-0.7","1.1","3917"
"Gaby Sanchez","115","364","322","82","20","1","10","38","43","35","60","4","1","1",".254",".334",".417",".751",".334","0.9","-0.4","1.3","3361"
"Shane Victorino","99","436","390","105","22","4","9","54","47","29","60","9","17","3",".270",".331",".422",".753",".334","7.2","1.8","2.3","1677"
"Ryan Howard","86","354","316","76","15","2","16","41","58","32","107","4","0","0",".241",".316",".456",".772",".333","-4.5","-0.4","0.4","2154"
"Mike Carp","90","306","278","71","18","1","10","36","47","24","73","3","2","2",".256",".320",".435",".755",".333","-2.7","-0.7","0.7","7480"
"Mitch Moreland","116","409","369","94","22","1","15","45","51","32","86","3","1","1",".255",".317",".445",".762",".333","0.6","-0.6","0.5","3086"
"Neil Walker","122","505","450","117","23","2","15","61","61","42","86","7","4","3",".259",".331",".420",".751",".333","-3.5","-0.9","2.1","7539"
"Jonny Gomes","92","302","259","61","13","0","10","35","40","35","83","6","2","1",".236",".336",".407",".743",".332","-3.4","-0.2","0.5","1845"
"Oswaldo Arcia","104","425","387","99","19","4","15","50","52","31","115","5","2","4",".255",".315",".439",".754",".332","-3.9","-1.4","1.0","10306"
"Kyle Seager","131","564","507","132","28","2","16","70","62","47","102","6","9","4",".260",".329",".417",".746",".332","-1.9","-0.6","2.6","9785"
"Manny Machado","118","518","480","130","32","4","14","63","60","28","84","2","6","5",".271",".312",".443",".755",".332","10.3","-1.1","3.4","11493"
"Pablo Sandoval","114","462","420","112","23","3","14","53","63","37","68","2","1","1",".266",".328",".430",".758",".332","-0.7","-0.7","2.3","5409"
"Christian Yelich","104","456","410","107","21","5","10","62","42","43","116","1","13","4",".262",".331",".414",".745",".331","3.1","0.4","1.8","11477"
"Wil Myers","124","538","486","126","23","2","18","68","66","46","134","3","7","3",".259",".325",".425",".750",".331","0.9","-0.4","2.2","10047"
"Miguel Montero","103","418","362","92","18","1","11","42","55","45","84","7","0","0",".254",".344",".403",".747",".331","-0.3","-0.5","2.3","3364"
"Martin Prado","122","533","492","140","28","3","10","62","62","35","54","2","4","4",".284",".332",".415",".747",".330","0.4","-1.4","2.0","3312"
"Jose Reyes","100","450","413","116","23","4","9","59","37","32","44","1","20","6",".282",".332",".421",".754",".330","-2.5","1.1","2.2","1736"
"Pedro Alvarez","125","501","450","103","19","1","27","58","78","46","155","2","3","1",".229",".303",".455",".758",".330","-2.3","-0.2","2.1","2495"
"Wilson Ramos","62","242","222","59","10","0","10","26","36","16","39","1","0","1",".265",".317",".437",".754",".330","2.0","-0.6","1.6","1433"
"Desmond Jennings","122","520","456","115","24","6","12","74","43","51","105","5","22","5",".253",".332",".408",".740",".330","-0.8","1.8","2.9","1965"
"Steve Pearce","54","175","153","38","9","0","5","18","21","17","38","3","2","1",".248",".334",".407",".742",".330","0.0","-0.2","0.1","9957"
"Juan Francisco","95","303","281","69","15","2","14","32","47","18","100","2","1","1",".246",".294",".463",".758",".330","0.4","-0.4","0.4","6978"
"Brett Lawrie","109","459","417","107","20","4","15","53","56","31","81","6","9","4",".258",".316",".430",".746",".330","5.1","-0.2","2.7","5247"
"Dexter Fowler","114","446","379","93","13","4","10","51","32","59","124","2","13","6",".245",".348",".380",".728",".329","-5.2","-0.3","1.7","4062"
"Michael Morse","96","364","336","87","18","1","13","43","45","21","85","5","0","1",".260",".310",".438",".748",".329","-9.6","-0.7","0.2","3035"
"Nick Swisher","115","492","427","103","23","1","14","54","54","59","113","3","1","1",".242",".335",".399",".735",".329","0.0","-0.8","1.4","4599"
"Hunter Pence","130","553","505","133","25","4","16","74","73","42","98","3","11","3",".264",".322",".423",".745",".328","0.5","0.6","2.2","8252"
"Yan Gomes","94","345","317","82","18","2","11","41","40","20","84","6","1","0",".258",".311",".433",".744",".328","1.6","-0.1","2.4","9627"
"Nick Markakis","122","544","493","138","24","2","10","62","52","45","59","3","5","2",".279",".341",".398",".739",".328","-3.7","-0.6","1.0","5930"
"George Springer","108","478","423","99","17","3","19","64","57","47","149","5","20","6",".234",".315",".424",".739",".328","-1.0","1.3","1.6","12856"
"Alex Avila","104","387","330","78","17","2","10","37","44","52","109","2","1","1",".236",".340",".389",".729",".328","-2.0","-0.8","1.9","7476"
"Scott Hairston","71","173","162","40","9","1","8","23","27","9","37","1","2","1",".248",".291",".461",".753",".328","-3.1","0.0","0.2","1926"
"Nick Castellanos","129","545","507","139","26","2","16","56","58","30","101","4","4","2",".274",".317",".426",".743",".328","-4.5","-0.8","1.7","11737"
"Chris Colabello","117","478","436","110","23","0","17","56","67","35","123","5","1","2",".252",".313",".425",".737",".327","-3.0","-1.1","0.7","13051"
"Avisail Garcia","104","411","387","109","11","4","12","51","45","18","86","4","8","5",".281",".317",".425",".742",".327","-0.8","-0.9","0.9","5760"
"Salvador Perez","112","442","415","116","23","2","11","42","55","21","54","3","1","0",".281",".318",".426",".744",".327","6.0","-0.4","3.3","7304"
"Dioner Navarro","76","258","233","63","9","1","7","29","32","19","35","1","1","1",".272",".329",".411",".739",".327","-0.8","-0.5","1.3","3179"
"Yasmani Grandal","73","281","243","60","14","0","6","31","29","35","66","1","1","0",".248",".343",".383",".726",".327","-1.3","-0.3","1.4","11368"
"Ike Davis","98","361","314","73","18","0","13","45","51","44","87","1","1","1",".233",".327",".408",".735",".326","1.3","-0.4","1.1","8433"
"Howie Kendrick","119","498","460","129","23","4","11","57","56","26","88","6","11","5",".280",".325",".415",".740",".326","1.5","-0.2","2.6","4229"
"Chase Headley","114","473","417","103","23","1","13","54","54","49","109","4","9","3",".248",".332",".403",".734",".326","4.0","0.0","2.7","4720"
"Marcell Ozuna","95","402","373","97","20","4","12","53","53","23","91","2","5","1",".261",".306",".435",".741",".326","1.9","0.0","1.9","10324"
"Derek Norris","90","331","285","65","15","1","10","40","37","41","90","3","5","1",".230",".332",".392",".724",".326","-3.0","0.3","1.7","6867"
"Ian Desmond","129","532","492","130","26","3","17","63","66","30","121","4","17","6",".264",".310",".431",".741",".326","-2.9","0.7","2.5","6885"
"Starlin Castro","131","574","539","153","27","5","12","61","54","28","89","4","13","7",".283",".321",".419",".740",".326","-3.1","-0.7","2.2","4579"
"Trevor Plouffe","114","469","422","106","24","2","14","55","52","37","100","6","2","2",".250",".316",".417",".733",".325","-5.5","-1.0","1.4","7462"
"Josh Rutledge","108","436","401","109","22","4","10","50","43","22","85","6","11","3",".272",".318",".419",".737",".325","-1.0","0.6","1.0","11167"
"Chris Iannetta","84","302","250","55","12","0","9","30","33","47","74","3","3","1",".220",".347",".369",".716",".325","-0.9","-0.5","2.0","8267"
"Garrett Jones","116","397","361","89","19","1","15","44","49","33","97","1","2","1",".246",".308",".432",".740",".325","-1.4","-0.3","0.4","2714"
"Wilin Rosario","100","389","369","97","17","1","17","44","56","16","90","1","2","1",".262",".292",".451",".743",".324","-2.9","-0.5","1.1","8002"
"Kole Calhoun","104","437","397","100","19","4","13","54","52","35","87","2","9","3",".252",".314",".419",".733",".324","-1.3","0.0","1.3","11200"
"Welington Castillo","90","349","311","78","16","0","10","34","36","27","86","7","1","0",".252",".324",".404",".727",".324","0.5","-0.3","1.9","3256"
"Lonnie Chisenhall","98","366","338","90","20","1","10","44","42","20","73","5","2","0",".266",".314",".419",".733",".324","0.1","0.0","1.3","7571"
"Andre Ethier","113","447","396","102","22","1","10","49","53","44","89","4","2","1",".259",".337",".397",".734",".324","-0.8","-0.7","1.5","6265"
"Starling Marte","116","497","453","119","21","9","10","68","42","24","122","14","26","10",".262",".318",".414",".732",".324","10.4","0.7","2.7","9241"
"Eric Chavez","63","182","167","43","8","1","6","18","28","14","38","1","0","0",".255",".313",".430",".743",".324","-0.8","-0.2","0.5","906"
"Rickie Weeks","101","400","350","82","17","1","12","49","33","39","100","9","7","2",".235",".324",".398",".722",".324","-6.3","0.1","0.8","1849"
"Brett Gardner","101","399","349","91","16","5","5","54","32","37","77","6","21","5",".261",".339",".381",".720",".324","4.8","1.6","1.8","9927"
"Justin Ruggiano","96","348","315","77","17","1","13","41","42","28","91","2","10","6",".243",".309",".422",".731",".323","-1.0","-0.7","0.8","7620"
"Leonys Martin","103","386","347","94","16","5","7","46","41","24","76","5","23","8",".270",".324",".405",".729",".323","5.6","0.8","2.1","11846"
"Jhonny Peralta","109","435","397","102","24","1","12","41","53","34","78","1","1","1",".258",".316",".415",".730",".323","1.8","-0.8","2.3","1738"
"Michael Brantley","123","512","465","128","24","3","9","61","61","38","57","3","13","4",".275",".332",".396",".727",".323","0.1","0.3","1.9","4106"
"Justin Smoak","116","462","408","96","19","0","17","50","52","49","107","2","0","1",".236",".319",".405",".724",".322","-0.6","-0.8","0.7","9054"
"Chris Young","97","367","327","76","19","1","13","45","43","35","84","3","11","4",".232",".311",".418",".729",".322","2.4","0.1","1.8","3882"
"Curtis Granderson","98","409","357","80","14","4","15","55","44","44","107","4","9","3",".223",".313",".413",".726",".322","-2.9","0.2","0.9","4747"
"David Murphy","111","384","348","90","20","2","9","39","43","33","55","1","6","3",".260",".322",".407",".729",".322","4.7","-0.7","1.5","6035"
"Alex Rios","124","515","484","135","27","3","12","62","61","25","73","2","21","7",".278",".314",".420",".734",".322","3.1","1.0","1.4","2090"
"Seth Smith","102","358","317","79","19","1","9","40","34","34","76","4","2","1",".247",".326",".401",".728",".322","-1.8","-0.3","0.7","7331"
"Corey Hart","102","427","386","94","19","2","16","51","44","30","102","7","4","2",".244",".308",".422",".730",".321","-5.1","-0.3","-0.1","1945"
"Josh Reddick","116","454","408","99","20","4","14","55","53","40","96","2","6","2",".242",".312",".417",".728",".321","7.7","-0.1","2.1","3892"
"Josmil Pinto","114","474","426","107","20","2","13","55","50","42","102","3","0","1",".252",".320",".399",".719",".321","-2.5","-0.9","1.0","6806"
"Jean Segura","113","475","444","125","17","7","9","57","46","21","66","5","28","9",".280",".318",".414",".731",".321","-0.8","1.4","2.2","5933"
"Jesus Guzman","106","326","295","73","17","1","10","35","43","27","76","2","4","1",".248",".313",".412",".725",".321","0.2","-0.2","0.6","3118"
"Asdrubal Cabrera","120","507","458","116","27","2","13","62","59","35","93","7","10","3",".254",".316",".408",".723",".320","-5.3","0.2","2.1","4962"
"Michael Choice","117","496","443","113","21","0","12","56","56","42","114","7","3","2",".255",".327",".386",".713",".320","-2.1","-0.9","0.6","11376"
"Kelly Johnson","108","412","365","84","15","3","15","44","46","41","109","3","8","3",".231",".311",".410",".721",".320","-1.4","0.0","0.8","2234"
"Jon Jay","122","454","402","109","20","3","6","50","45","32","69","10","9","5",".272",".339",".377",".716",".320","-2.7","-0.6","1.2","5227"
"Will Middlebrooks","100","401","372","93","19","1","16","39","56","22","104","4","5","1",".250",".297",".430",".727",".319","2.1","0.0","1.6","7002"
"Angel Pagan","101","430","396","109","22","5","5","57","42","29","58","1","16","5",".276",".325",".399",".725",".319","-1.9","0.8","1.7","2918"
"Chris Johnson","120","467","437","119","25","2","11","41","59","24","109","3","2","0",".273",".312",".415",".727",".319","-6.1","-0.1","1.1","1191"
"Nick Franklin","108","456","406","100","20","4","11","54","47","43","101","2","8","2",".245",".318",".396",".715",".319","-2.0","0.5","2.0","10166"
"Daniel Nava","95","368","321","79","18","1","7","39","40","32","77","11","2","1",".245",".333",".371",".705",".319","-0.4","-0.6","0.5","5450"
"Russell Martin","96","377","328","77","14","0","11","41","43","40","72","6","5","2",".235",".327",".381",".708",".318","4.7","-0.3","2.6","4616"
"Chris Denorfia","111","367","337","92","15","3","6","47","32","26","54","1","10","2",".273",".324",".392",".716",".318","2.5","0.7","1.4","4400"
"Jose Lobaton","76","253","226","57","14","1","5","24","27","24","51","1","0","1",".252",".323",".393",".716",".318","-1.0","-0.6","1.2","4243"
"Gerardo Parra","123","467","424","114","24","4","8","55","40","33","78","3","9","5",".268",".323",".402",".724",".318","7.8","-0.6","1.5","8553"
"Alberto Callaspo","114","439","390","102","18","0","8","46","48","45","43","1","2","1",".262",".338",".371",".708",".318","-2.7","-0.7","0.2","3336"
"Chris Heisey","93","258","237","60","11","1","9","32","29","12","59","5","5","1",".253",".301",".419",".721",".318","3.3","0.5","1.1","3978"
"Peter Bourjos","93","309","278","70","12","6","7","42","31","18","70","6","10","2",".250",".308",".408",".716",".317","4.9","0.8","1.8","2578"
"Nate Schierholtz","109","345","318","81","19","2","11","37","41","20","66","3","5","3",".254",".301",".426",".727",".317","-0.6","-0.5","0.3","6201"
"Casey McGehee","110","428","387","99","22","1","9","41","49","37","92","1","0","1",".257",".321",".389",".711",".317","-0.2","-1.1","1.3","6086"
"Drew Stubbs","116","420","376","95","16","2","11","58","42","35","109","2","19","4",".253",".319",".392",".711",".317","0.3","1.8","0.9","9328"
"Ryan Ludwick","80","307","278","69","14","0","11","30","45","23","69","3","0","1",".246",".308",".411",".718",".317","-3.0","-0.6","0.2","1260"
"A.J. Pierzynski","102","394","371","99","17","1","13","39","56","12","62","7","1","1",".267",".300",".423",".723",".317","0.3","-0.6","1.8","746"
"Delmon Young","111","426","400","105","20","1","14","43","56","18","87","4","1","1",".261",".299",".420",".719",".317","-4.9","-0.6","-0.2","2140"
"Raul Ibanez","98","366","335","77","14","2","16","39","53","28","85","1","1","0",".230",".289",".433",".722",".316","0.3","-0.2","0.7","607"
"Paul Konerko","97","384","347","89","12","0","11","34","42","31","57","4","0","0",".258",".323",".387",".710",".316","-4.0","-0.5","0.2","242"
"J.J. Hardy","119","501","466","123","21","1","17","55","58","27","70","1","1","1",".263",".303",".419",".721",".316","6.6","-0.7","2.7","3797"
"Juan Uribe","90","314","291","75","16","1","9","33","42","18","64","2","1","1",".260",".305",".415",".721",".316","9.6","-0.3","2.3","454"
"Cody Ross","87","331","301","75","16","1","10","36","43","24","66","3","2","1",".250",".309",".405",".715",".316","0.7","-0.5","0.5","1760"
"James Loney","128","473","433","119","26","0","8","43","56","35","55","1","3","1",".275",".328",".389",".718",".316","4.0","-0.6","1.1","4556"
"Daniel Murphy","117","489","458","130","26","2","7","61","57","26","62","1","14","2",".283",".321",".395",".716",".316","-5.9","1.3","1.4","4316"
"Sean Rodriguez","88","250","221","51","12","1","7","30","27","18","60","6","4","2",".233",".309",".401",".710",".316","2.8","-0.3","0.8","6589"
"Alejandro De Aza","122","514","465","119","21","4","12","64","46","37","100","5","18","9",".257",".316",".395",".711",".316","-1.1","-0.6","0.8","3371"
"Logan Morrison","90","355","312","73","14","2","10","38","38","38","70","3","1","1",".234",".321",".389",".710",".316","-1.9","-0.5","0.1","9205"
"Adam Eaton","103","467","407","104","19","3","5","62","39","42","82","12","17","7",".254",".341",".353",".694",".316","-0.9","0.1","1.4","11205"
"Andrelton Simmons","120","499","460","123","22","6","10","53","45","28","45","3","7","7",".268",".311",".406",".717",".315","12.9","-1.8","3.3","10847"
"Donnie Murphy","86","293","266","62","14","1","12","36","41","18","76","6","2","1",".232",".293",".424",".717",".315","-4.2","-0.4","0.2","4704"
"Dan Uggla","116","471","409","88","15","1","18","56","57","53","134","6","1","1",".215",".313",".392",".705",".315","-6.7","-0.8","0.9","3442"
"Marcus Semien","118","526","467","112","24","3","12","73","56","51","117","3","12","4",".240",".317",".386",".703",".315","-4.1","0.2","1.3","12533"
"Luis Valbuena","110","399","348","83","18","1","9","41","40","46","80","2","2","2",".239",".330",".372",".702",".315","4.0","-0.9","1.5","4969"
"A.J. Pollock","118","455","420","112","25","4","7","55","40","28","78","2","13","4",".267",".314",".397",".711",".315","4.4","0.5","1.8","9256"
"Norichika Aoki","124","534","484","135","21","4","4","64","33","36","44","7","14","8",".280",".337",".363",".700",".315","4.9","-0.8","1.4","13075"
"Zach Walters","111","402","381","94","21","4","16","47","52","15","106","2","3","2",".246",".277",".447",".724",".315","-3.4","-0.6","0.8","10622"
"Scott Sizemore","75","295","260","62","14","1","7","37","33","28","80","3","3","2",".237",".316",".384",".700",".314","-2.5","-0.6","0.6","2881"
"Jose Tabata","113","409","368","97","20","3","4","50","31","29","62","6","9","5",".264",".326",".373",".699",".314","2.2","-0.8","1.1","2411"
"A.J. Ellis","81","311","266","64","11","1","6","29","34","36","58","4","0","1",".240",".337",".357",".694",".314","1.0","-0.7","1.5","5677"
"Erik Kratz","64","219","200","47","10","0","9","23","32","15","49","3","1","0",".233",".293",".425",".718",".314","-2.0","-0.1","0.8","4403"
"B.J. Upton","118","466","416","95","21","3","15","53","45","44","133","2","20","6",".229",".304",".402",".706",".313","1.6","1.2","1.9","5015"
"Tommy Medica","78","311","279","64","16","1","10","38","40","25","91","5","1","1",".228",".301",".402",".703",".313","-0.6","-0.6","0.6","11147"
"Jackie Bradley Jr","99","411","364","88","23","2","7","48","38","37","99","8","11","6",".243",".324",".371",".695",".313","2.3","-0.5","1.3","12984"
"Jose Altuve","130","566","526","149","27","3","6","62","44","31","68","2","30","11",".284",".324",".382",".706",".313","-4.9","1.1","1.6","5417"
"Derek Dietrich","109","449","408","97","21","4","13","56","49","26","111","12","3","2",".237",".300",".405",".705",".313","-5.1","-0.6","0.7","10542"
"Erick Aybar","122","509","472","130","26","6","6","65","48","22","55","4","15","6",".276",".311",".397",".708",".313","-1.0","0.2","2.4","4082"
"Brandon Phillips","122","528","487","130","22","1","12","63","67","28","75","6","7","5",".267",".313",".394",".707",".312","5.2","-1.1","2.0","791"
"Alexei Ramirez","129","536","503","140","27","3","9","58","51","23","60","3","15","6",".279",".312",".395",".707",".312","2.2","-0.1","2.2","5133"
"Jimmy Rollins","116","503","455","116","22","3","11","61","47","43","65","1","17","5",".255",".318",".386",".704",".312","-1.3","1.0","1.9","971"
"Conor Gillaspie","109","411","371","95","17","3","9","45","43","34","74","1","1","2",".256",".317",".387",".705",".312","-1.8","-1.1","0.9","9009"
"Josh Satin","109","411","362","88","20","1","7","44","39","44","107","3","1","2",".243",".328",".363",".690",".312","0.0","-1.1","0.8","6788"
"Omar Infante","116","475","442","124","20","4","7","47","44","23","46","1","6","2",".280",".315",".390",".705",".312","2.5","-0.3","1.7","1609"
"Kevin Frandsen","99","315","290","81","16","1","3","32","27","11","30","10","2","1",".278",".325",".372",".697",".312","1.5","-0.5","0.8","7528"
"John Mayberry","113","346","317","77","19","1","11","42","41","24","78","2","5","2",".241",".298",".409",".707",".312","-1.6","0.0","0.5","3390"
"Didi Gregorius","88","361","329","87","15","5","6","39","34","23","61","3","2","4",".263",".315",".390",".705",".311","2.2","-1.6","1.2","6012"
"Hank Conger","77","265","241","60","13","1","7","25","28","18","53","3","0","1",".250",".307",".397",".704",".311","-1.3","-0.6","1.2","2505"
"Wilmer Flores","106","443","415","109","23","3","10","53","59","21","69","2","1","2",".262",".299",".407",".706",".311","-3.6","-1.0","1.1","5827"
"Tyler Moore","97","336","311","73","17","1","13","34","48","20","96","2","1","0",".234",".284",".425",".709",".311","0.6","0.0","0.7","7244"
"Lyle Overbay","87","268","244","60","14","1","7","26","33","22","58","0","1","0",".246",".306",".397",".703",".311","-0.2","0.0","0.2","1617"
"L.J. Hoes","118","490","441","116","21","3","5","52","36","42","84","3","11","7",".264",".330",".359",".688",".311","-1.4","-1.0","0.7","6656"
"Mike Moustakas","123","495","456","111","27","1","16","48","53","31","85","4","3","2",".244",".296",".408",".704",".311","2.4","-0.8","1.7","4892"
"Brad Miller","125","555","506","128","21","5","12","71","54","41","110","3","10","5",".254",".311",".385",".696",".311","-0.4","-0.8","2.1","12775"
"Yangervis Solarte","111","470","436","117","25","1","8","47","44","27","55","3","2","1",".268",".314",".384",".698",".311","-1.3","-0.4","1.1","5352"
"Josh Thole","83","280","253","67","12","1","4","27","25","22","43","2","0","2",".264",".326",".371",".697",".310","-2.3","-1.1","0.7","9689"
"Ryan Doumit","98","354","324","81","18","1","9","33","42","26","63","2","0","0",".251",".309",".393",".702",".310","-2.5","-0.4","0.7","2113"
"Don Kelly","86","195","174","43","5","1","5","23","18","17","28","2","2","0",".247",".317",".373",".690",".310","-1.2","0.1","0.5","2216"
"Brian Dozier","124","535","480","117","22","4","13","69","50","44","98","4","15","6",".244",".311",".385",".695",".310","3.1","0.1","2.2","9810"
"Jonathan Schoop","95","401","369","91","18","1","12","46","44","22","88","7","2","3",".246",".298",".400",".698",".310","0.2","-1.2","1.0","11265"
"J.D. Martinez","102","400","370","97","20","1","8","44","54","25","88","2","2","1",".261",".310",".387",".697",".310","-3.1","-0.3","0.2","6184"
"Scooter Gennett","126","508","474","132","20","4","8","52","43","22","81","2","9","6",".278",".311",".388",".699",".310","0.8","-1.2","1.3","10339"
"Michael Saunders","113","403","357","81","18","3","11","56","41","41","107","2","11","5",".228",".308",".387",".695",".310","4.7","0.0","1.3","9981"
"Dustin Ackley","128","537","479","121","22","4","8","70","46","51","96","2","7","3",".253",".324",".366",".690",".309","-3.2","-0.5","0.6","10099"
"Randal Grichuk","102","429","405","102","20","6","12","50","49","15","79","5","7","4",".251",".285",".421",".706",".309","4.0","-0.8","1.0","10243"
"Jason Kubel","96","357","320","76","15","1","10","35","48","34","103","1","0","1",".237",".310",".389",".699",".309","-5.4","-0.7","-0.1","2161"
"J.R. Murphy","95","378","346","84","19","1","11","43","39","27","70","2","1","1",".243",".299",".396",".695",".309","-2.9","-0.7","1.3","10346"
"Josh Harrison","105","330","305","80","18","4","5","42","33","12","43","5","10","5",".262",".300",".399",".699",".309","-0.4","-0.2","0.9","8202"
"Nate McLouth","102","380","336","81","17","2","8","43","26","34","57","5","12","3",".241",".317",".374",".691",".309","2.8","0.9","1.2","3190"
"Danny Valencia","101","390","369","94","22","1","11","40","46","19","69","0","1","3",".255",".289",".413",".702",".309","-2.4","-1.2","0.7","6364"
"Craig Gentry","92","251","221","57","10","3","1","30","17","20","43","7","16","3",".257",".334",".346",".680",".309","8.6","1.7","1.9","9571"
"Tyler Flowers","75","264","235","55","9","0","9","28","25","22","92","4","1","1",".232",".308",".379",".687",".308","-1.1","-0.4","1.0","9134"
"Kurt Suzuki","97","359","323","83","16","1","7","34","44","25","45","4","2","1",".257",".316",".381",".697",".308","0.3","-0.4","1.5","8259"
"Emilio Bonifacio","104","401","361","98","16","3","2","48","21","32","78","1","29","7",".272",".330",".354",".684",".308","-0.9","2.5","1.1","4054"
"David DeJesus","102","380","336","80","18","3","7","44","33","35","68","6","4","3",".237",".317",".367",".684",".308","-5.1","-0.9","-0.1","1825"
"Ryan Sweeney","80","261","237","60","13","2","5","28","25","20","42","1","1","0",".253",".311",".382",".693",".308","-2.1","-0.2","0.2","6352"
"Travis d'Arnaud","73","294","266","64","14","1","8","29","33","23","66","2","1","1",".240",".306",".384",".690",".308","-1.1","-0.4","1.2","7739"
"Jedd Gyorko","110","468","429","104","21","1","15","58","57","33","110","2","4","1",".242",".298",".399",".696",".308","-2.5","-0.3","1.2","10816"
"Sam Fuld","81","215","192","48","8","4","2","29","18","19","32","1","9","4",".248",".317",".369",".686",".307","6.3","0.0","1.2","8254"
"Elvis Andrus","130","578","510","137","20","4","3","70","49","47","77","4","31","8",".269",".333",".346",".679",".307","4.4","2.3","2.4","8709"
"Matt Dominguez","128","494","456","113","23","1","15","52","60","28","80","5","0","1",".247",".296",".397",".693",".307","2.7","-1.0","1.6","4903"
"DJ LeMahieu","125","486","454","130","21","4","3","47","43","24","68","1","13","8",".287",".323",".372",".695",".307","3.4","-0.9","0.7","9874"
"Brandon Barnes","116","407","372","94","20","3","8","48","45","24","100","4","9","6",".253",".304",".386",".690",".307","-0.3","-1.0","-0.2","629"
"Chris Owings","117","503","477","131","24","5","8","55","49","19","107","2","13","4",".274",".303",".393",".696",".307","2.2","0.5","1.6","10030"
"Will Venable","121","409","375","90","17","6","11","52","40","27","99","3","15","4",".240",".295",".403",".698",".306","-0.1","1.0","1.1","211"
"Yonder Alonso","113","433","392","101","21","1","7","39","48","36","67","1","5","2",".257",".320",".370",".690",".306","0.8","-0.2","0.5","2530"
"Cameron Maybin","72","285","258","63","11","3","6","40","27","22","62","2","14","4",".245",".309",".378",".686",".306","1.4","1.0","1.2","5223"
"Johnny Giavotella","105","449","411","108","21","2","6","48","41","31","63","2","6","3",".263",".317",".368",".685",".306","-1.3","-0.5","1.2","6740"
"Daric Barton","105","404","345","79","17","1","5","45","37","52","70","3","2","1",".231",".335",".330",".665",".306","2.5","-0.7","0.8","5928"
"Kevin Kouzmanoff","76","305","287","74","19","1","7","32","41","11","52","5","1","1",".257",".295",".400",".695",".306","-1.5","-0.3","0.5","5995"
"Brayan Pena","59","191","181","49","9","0","4","15","21","8","23","1","1","1",".272",".304",".391",".694",".306","-2.0","-0.5","0.4","3231"
"Andrew Brown","97","347","314","71","15","2","12","39","47","28","99","2","1","1",".226",".292",".399",".691",".306","-0.8","-0.6","0.4","3837"
"Anthony Recker","64","230","206","46","10","1","8","26","27","19","66","1","2","1",".225",".294",".394",".689",".306","-1.7","-0.4","0.8","4063"
"Denard Span","110","487","446","119","21","8","3","58","36","32","52","1","13","4",".268",".316",".370",".685",".306","6.0","0.6","2.0","8347"
"Alex Presley","123","488","449","112","15","6","11","59","43","32","97","2","12","7",".250",".300",".389",".689",".305","-3.2","-0.8","0.4","5305"
"Charlie Culberson","113","432","409","106","22","4","10","49","52","14","90","4","10","5",".260",".289",".405",".694",".305","-1.0","-0.4","0.1","3298"
"Carl Crawford","91","364","341","88","19","4","7","48","35","18","59","2","13","3",".258",".298",".395",".693",".305","2.1","0.9","0.9","1201"
"Derek Jeter","63","294","264","69","11","1","4","32","22","23","46","3","5","2",".261",".326",".348",".674",".304","-4.2","-0.2","0.4","826"
"Rajai Davis","103","364","337","90","15","2","5","48","31","19","64","5","35","9",".266",".313",".370",".683",".304","0.4","3.1","0.7","3708"
"David Freese","107","410","367","88","15","1","9","40","45","34","99","6","1","1",".240",".313",".362",".675",".304","-4.1","-0.8","0.5","9549"
"Robinson Chirinos","78","304","272","66","12","1","7","32","31","23","60","5","1","1",".241",".311",".366",".676",".304","0.2","-0.8","1.0","3142"
"Jordan Pacheco","100","365","338","90","20","2","4","30","37","18","46","5","3","1",".267",".312",".370",".682",".304","-0.5","-0.4","-0.8","2677"
"Dean Anna","101","393","346","82","17","2","6","52","38","37","69","6","2","2",".236",".318",".354",".672",".304","4.0","-0.9","1.4","8353"
"Kolten Wong","111","444","409","107","17","5","6","46","38","28","61","3","15","4",".262",".313",".369",".682",".304","3.2","1.1","1.7","12532"
"Brennan Boesch","71","260","240","58","12","1","7","27","28","16","54","2","4","1",".242",".295",".390",".686",".303","-3.6","-0.1","0.0","914"
"Gordon Beckham","102","398","360","90","19","1","7","45","30","27","66","5","4","2",".250",".310",".367",".677",".303","-0.5","-0.5","0.8","9015"
"Mike Zunino","100","412","374","88","16","1","12","54","44","28","107","7","2","1",".236",".299",".384",".683",".303","-0.3","-0.4","1.7","13265"
"Lorenzo Cain","95","377","347","89","17","3","5","44","39","23","81","4","12","3",".258",".311",".368",".679",".303","6.9","0.8","1.8","9077"
"Justin Maxwell","79","256","229","50","11","1","8","34","28","23","82","3","7","3",".217",".293",".385",".678",".303","2.2","0.0","0.5","6827"
"Ryan Kalish","56","199","180","45","9","1","4","25","19","16","43","1","9","3",".249",".310",".365",".675",".302","-0.8","0.5","0.1","6962"
"Mike Baxter","81","242","214","49","10","3","4","28","20","22","47","5","5","4",".230",".314",".356",".670",".302","-1.0","-0.7","0.1","4464"
"Brandon Guyer","76","295","269","66","14","3","5","39","26","14","57","7","10","2",".246",".299",".375",".674",".301","-1.9","0.9","0.6","2636"
"Ryan Hanigan","76","253","219","54","9","0","3","18","26","28","31","3","0","0",".249",".340",".333",".673",".301","2.7","-0.3","1.4","4952"
"Jason Giambi","48","125","108","22","5","0","4","11","16","14","33","3","0","1",".204",".309",".354",".663",".301","-1.3","-0.4","-0.2","818"
"Billy Hamilton","117","501","459","120","16","6","5","61","38","35","103","1","56","14",".262",".313",".358",".672",".300","4.1","5.2","2.0","10199"
"Cody Asche","125","499","461","112","23","3","12","54","56","32","120","3","5","3",".243",".295",".382",".677",".300","-4.2","-0.7","0.4","11997"
"Mike Olt","96","382","342","73","14","2","13","38","41","36","119","2","2","1",".214",".291",".382",".674",".300","0.5","-0.2","0.5","10698"
"Neftali Soto","102","401","376","89","17","1","15","42","51","18","105","4","2","1",".238",".278",".403",".681",".300","-3.6","-0.3","0.3","5663"
"Yunel Escobar","118","478","428","107","19","1","7","45","37","40","59","3","3","2",".251",".317",".346",".663",".300","3.5","-0.9","2.1","4191"
"Steven Souza","78","310","278","61","12","2","9","34","36","26","93","4","11","6",".219",".295",".375",".670",".299","-1.8","-0.4","-0.1","5667"
"Michael Bourn","113","504","459","118","17","6","4","64","39","38","111","2","26","10",".258",".315",".352",".667",".299","5.4","0.5","2.0","6387"
"Ichiro Suzuki","117","430","408","113","16","3","6","51","32","16","46","1","15","4",".278",".305",".376",".681",".299","3.4","0.9","0.9","1101"
"Ryan Raburn","78","265","240","54","14","1","8","28","32","19","70","3","1","1",".225",".288",".389",".677",".299","-1.4","-0.4","-0.1","2218"
"Ryan Roberts","91","315","283","68","13","1","7","35","30","27","64","1","7","4",".240",".306",".360",".667",".299","0.3","-0.8","0.5","5653"
"Steve Clevenger","70","239","220","56","13","1","3","23","22","17","35","0","0","1",".254",".306",".365",".671",".299","-3.1","-0.6","0.5","9542"
"Kirk Nieuwenhuis","82","304","271","60","12","1","9","38","32","27","94","1","4","2",".222",".294",".376",".670",".299","-0.6","-0.3","0.6","6400"
"Nick Hundley","79","274","251","60","13","1","7","25","33","17","67","3","1","1",".237",".293",".386",".678",".299","1.3","-0.7","0.9","3376"
"Cliff Pennington","97","329","297","74","15","2","4","34","28","26","59","1","8","3",".250",".311",".357",".668",".298","2.3","-0.2","0.8","3395"
"Roger Kieschnick","82","314","290","65","15","5","9","40","37","21","96","1","2","2",".225",".278",".402",".680",".298","-0.6","-0.7","-0.2","5225"
"Ben Revere","109","454","424","123","10","5","1","54","26","21","47","2","31","8",".289",".324",".342",".666",".298","2.1","2.4","1.4","4712"
"Eduardo Nunez","83","290","268","70","12","2","3","31","24","17","40","2","14","4",".262",".307",".363",".670",".298","-3.9","1.1","0.5","6848"
"Grady Sizemore","40","168","151","34","9","1","4","19","19","13","42","2","3","1",".224",".291",".377",".668",".298","-3.5","-0.2","-0.3","2197"
"Tyler Pastornicky","94","336","308","81","13","3","4","37","26","20","51","1","7","4",".263",".308",".360",".668",".298","-0.6","-0.4","0.6","6777"
"Everth Cabrera","94","406","363","93","17","4","2","49","25","33","87","1","30","8",".256",".318",".342",".660",".298","-1.7","2.3","1.4","8155"
"Junior Lake","102","412","384","95","19","3","9","46","33","20","121","4","17","7",".249",".290",".380",".670",".297","2.4","0.3","0.4","4672"
"Anthony Gose","116","459","415","102","19","7","4","50","35","32","118","4","22","10",".245",".305",".358",".662",".297","0.9","0.1","1.0","5097"
"Travis Snider","104","353","323","76","15","1","8","38","37","28","84","1","5","3",".236",".297",".370",".667",".297","-1.5","-0.5","0.1","2830"
"J.P. Arencibia","100","363","340","74","16","1","16","38","53","19","99","3","1","1",".219",".264",".412",".676",".296","-1.3","-0.4","0.9","697"
"Jim Adduci","97","363","331","83","14","1","6","40","31","26","80","1","14","5",".252",".307",".355",".661",".296","-4.1","0.4","-0.4","6448"
"Mike Aviles","104","369","345","89","15","1","8","43","41","15","46","1","10","5",".259",".292",".376",".668",".296","-0.5","-0.3","0.8","5986"
"Tucker Barnhart","79","307","279","69","13","1","4","28","28","23","60","1","1","1",".248",".307",".352",".658",".296","4.1","-0.5","1.4","10200"
"Miguel Olivo","53","189","180","42","7","1","8","22","24","7","53","0","2","2",".236",".263",".419",".682",".296","-0.8","-0.6","0.6","1638"
"Cesar Hernandez","112","455","421","114","15","8","2","46","36","25","90","1","17","9",".270",".311",".352",".663",".296","-2.5","-0.6","0.4","10556"
"Brandon Crawford","115","419","376","91","19","4","6","44","40","34","83","4","3","3",".241",".309",".359",".667",".296","2.8","-1.0","1.6","5343"
"Danny Espinosa","118","478","433","98","22","3","13","51","44","29","139","10","10","3",".227",".289",".377",".666",".296","3.6","0.5","1.2","9219"
"Zack Cozart","117","489","455","112","25","3","10","58","44","22","86","3","4","1",".247",".285",".385",".670",".296","5.3","0.0","1.7","2616"
"Greg Garcia","92","355","308","72","17","3","2","38","25","32","69","7","7","3",".235",".320",".328",".648",".296","-2.7","-0.1","0.7","10951"
"Moises Sierra","106","411","380","90","17","2","11","43","46","22","105","6","7","4",".237",".287",".379",".666",".296","1.0","-0.8","0.0","6050"
"Maicer Izturis","80","294","269","70","13","0","3","29","24","19","32","2","6","4",".261",".314",".342",".656",".295","-2.0","-0.7","0.2","2437"
"Robbie Grossman","108","482","416","92","18","3","7","56","35","54","132","4","11","8",".222",".315",".329",".644",".295","-6.2","-1.6","-0.5","5254"
"Jonathan Villar","109","452","404","95","18","4","9","51","37","33","126","2","29","9",".236",".295",".367",".662",".295","-4.4","2.0","0.9","10071"
"Tony Sanchez","82","313","282","65","17","1","6","32","34","22","73","6","1","1",".231",".299",".358",".657",".295","-2.6","-0.6","0.7","6178"
"Steve Lombardozzi","116","404","375","100","16","4","3","42","29","18","59","4","8","4",".268",".306",".356",".661",".295","0.0","-0.3","0.6","5422"
"Gerald Laird","44","133","118","28","6","1","1","10","10","12","24","1","1","1",".239",".314",".345",".659",".295","0.8","-0.3","0.5","1698"
"Shane Robinson","77","178","159","39","6","1","2","20","17","15","23","1","4","1",".243",".314",".339",".653",".295","1.1","0.2","0.4","4249"
"Marc Krauss","110","416","368","76","17","1","12","45","40","43","126","3","3","2",".206",".292",".360",".653",".295","-3.7","-0.7","-0.6","7577"
"Justin Turner","89","273","251","63","15","1","3","24","23","16","42","4","2","1",".251",".303",".357",".660",".294","-2.6","-0.2","0.4","5235"
"Ryan Flaherty","96","335","307","70","14","2","10","34","38","21","80","4","2","2",".229",".286",".379",".665",".294","1.1","-0.5","0.7","7888"
"Roger Bernadina","104","270","240","54","10","1","7","30","22","23","67","3","10","2",".224",".298",".361",".658",".294","1.2","0.8","0.5","6421"
"Collin Cowgill","102","359","327","78","15","2","7","39","33","24","82","3","8","2",".238",".295",".362",".657",".294","5.9","0.4","1.2","7250"
"Brian Roberts","52","207","185","44","8","1","3","22","21","19","35","0","4","1",".239",".306",".346",".652",".294","-2.0","0.2","0.2","166"
"Juan Lagares","113","451","422","109","21","6","5","46","44","21","98","2","10","6",".259",".295",".370",".666",".294","8.1","-1.0","1.8","5384"
"Eric Sogard","97","357","320","80","16","2","3","40","30","28","43","2","9","3",".249",".312",".339",".651",".294","0.2","0.0","0.8","7927"
"Tyler Collins","101","414","382","91","19","2","9","39","44","25","86","4","6","3",".237",".290",".369",".659",".293","-1.2","-0.4","-0.2","12723"
"Jordan Danks","104","349","309","68","12","2","8","38","28","34","110","2","10","3",".221",".301",".349",".650",".293","1.4","0.2","0.4","9187"
"Jemile Weeks","100","453","404","99","15","6","3","51","29","38","74","4","13","5",".244",".313",".333",".645",".293","-2.6","0.2","0.4","2498"
"Logan Schafer","95","310","281","68","14","4","4","31","30","19","53","4","7","3",".242",".296",".358",".654",".292","4.2","0.0","0.3","7937"
"Nyjer Morgan","88","313","275","68","10","2","3","34","22","19","63","7","8","3",".248",".312",".331",".643",".292","-0.1","0.1","0.7","4885"
"David Lough","116","466","432","108","18","6","8","51","43","19","70","5","12","4",".251",".289",".371",".660",".292","5.9","0.4","0.7","7215"
"Travis Ishikawa","74","222","200","46","12","1","3","19","23","17","53","2","1","0",".232",".297",".359",".656",".292","1.2","-0.1","0.0","4793"
"Francisco Cervelli","44","166","146","34","6","1","2","17","15","13","37","4","1","0",".230",".311",".325",".636",".291","-1.0","0.1","0.3","5275"
"Brock Holt","97","386","349","91","14","3","1","39","33","28","67","2","8","5",".260",".317",".327",".644",".291","0.0","-0.9","0.3","9345"
"Eric Young","109","403","355","86","15","6","1","52","21","35","75","3","30","5",".242",".314",".327",".641",".291","3.5","3.6","0.8","7158"
"Jordy Mercer","110","403","369","90","20","2","7","43","36","22","71","5","4","3",".243",".294",".364",".658",".290","1.5","-0.8","1.0","6547"
"Gregor Blanco","107","345","301","70","11","4","3","39","25","36","70","1","13","4",".231",".314",".325",".639",".290","0.1","0.5","0.5","3123"
"Martin Maldonado","73","250","223","51","9","1","6","21","31","17","65","4","1","1",".227",".293",".353",".645",".290","2.6","-0.4","0.9","6887"
"Reed Johnson","72","148","135","34","7","1","1","15","11","6","31","5","1","1",".250",".303",".340",".643",".290","-1.4","-0.3","-0.1","1702"
"Mark Ellis","87","344","310","76","12","2","4","37","33","22","56","6","3","1",".246",".307",".332",".639",".289","5.0","-0.1","1.0","1443"
"Stefen Romero","98","409","385","94","18","2","9","46","44","17","86","5","6","5",".243",".282",".368",".650",".288","-0.8","-1.0","-0.2","11746"
"Hector Sanchez","87","260","242","59","13","0","5","22","40","12","60","3","0","1",".244",".285",".365",".650",".288","-1.6","-0.6","0.4","10289"
"Alcides Escobar","131","519","483","126","22","4","4","55","43","22","71","4","20","3",".261",".296",".352",".648",".288","0.8","2.3","1.4","6310"
"Daniel Descalso","113","322","289","69","16","2","4","36","31","24","55","3","5","2",".239",".301",".348",".649",".288","-4.9","-0.2","-0.1","8392"
"Donovan Solano","102","363","336","86","15","2","3","35","29","19","60","4","4","1",".258",".303",".341",".643",".287","3.0","0.0","0.6","8623"
"Dee Gordon","106","442","406","106","13","6","1","51","28","27","76","3","38","9",".260",".309",".331",".639",".287","-2.7","3.4","0.8","8203"
"David Ross","40","129","116","24","6","0","4","10","12","11","46","1","1","0",".204",".276",".365",".641",".287","-0.4","0.0","0.3","1551"
"Logan Forsythe","84","308","270","59","11","1","5","35","25","30","74","5","7","1",".217",".305",".325",".630",".287","-2.9","0.4","-0.2","7185"
"Luis Sardinas","93","407","379","101","13","1","2","41","26","18","68","4","19","8",".267",".307",".328",".634",".286","2.4","0.2","0.9","13153"
"Aaron Hicks","106","431","380","80","16","4","8","53","35","45","118","2","12","5",".211",".295",".336",".631",".286","-0.5","-0.1","0.4","5297"
"Jeff Baker","66","170","154","35","7","1","4","17","16","12","39","1","1","0",".228",".287",".355",".642",".285","0.8","0.0","0.1","2073"
"Austin Romine","60","211","195","47","9","0","4","23","20","13","46","1","1","0",".241",".290",".344",".634",".285","-0.5","-0.1","0.4","5491"
"Jimmy Paredes","108","429","405","100","20","4","7","51","41","18","100","1","19","8",".246",".279",".363",".642",".284","-1.1","0.2","-0.4","5481"
"Carlos Corporan","64","212","193","43","7","1","6","19","21","10","53","5","0","1",".223",".278",".365",".643",".284","-0.9","-0.5","0.3","5587"
"Darwin Barney","125","476","438","108","20","3","5","54","39","28","56","5","5","2",".246",".297",".341",".638",".284","8.2","-0.1","1.0","2430"
"Elian Herrera","94","372","334","81","11","4","3","42","31","28","84","3","12","4",".242",".305",".323",".628",".284","0.7","0.2","0.3","5432"
"Eduardo Escobar","103","368","339","85","15","3","4","40","29","18","76","2","6","4",".251",".290",".347",".637",".284","0.2","-0.7","0.5","6153"
"Ramon Santiago","68","193","171","40","6","1","2","18","14","14","29","2","0","1",".235",".300",".325",".625",".284","-0.5","-0.5","0.0","1417"
"Alexi Amarista","122","389","361","88","17","5","4","42","39","21","58","1","8","4",".244",".286",".353",".639",".284","-2.0","-0.4","0.2","9063"
"Kevin Kiermaier","91","358","327","79","10","6","3","37","26","21","79","4","12","7",".242",".295",".336",".631",".284","0.9","-0.6","0.6","11038"
"Abraham Almonte","105","441","401","93","17","4","7","52","33","33","109","1","15","5",".231",".290",".340",".630",".283","0.4","0.5","0.5","5486"
"Ruben Tejada","115","472","426","107","21","1","1","45","31","32","68","5","4","2",".251",".310",".318",".628",".283","-0.2","-0.7","0.7","5519"
"Brandon Hicks","93","343","310","63","13","1","11","38","33","27","125","3","4","3",".203",".272",".360",".631",".282","-0.8","-0.5","0.3","4003"
"John Buck","85","329","293","63","9","0","9","28","36","29","86","5","1","1",".213",".292",".337",".629",".282","-1.1","-0.5","0.6","2041"
"Ramiro Pena","64","192","177","42","7","1","3","19","16","12","39","1","1","1",".238",".288",".343",".631",".282","1.6","-0.5","0.3","8841"
"Tim Federowicz","84","326","295","66","15","1","7","30","32","26","85","1","0","0",".223",".287",".345",".631",".281","1.4","-0.3","1.1","8609"
"Leury Garcia","89","322","297","74","10","4","3","33","19","17","81","1","20","6",".250",".292",".336",".628",".281","2.7","1.1","0.4","5913"
"Bryan Holaday","77","283","259","62","12","1","4","25","23","14","56","4","2","1",".240",".287",".338",".625",".281","3.9","-0.2","1.0","11287"
"Freddy Galvis","99","375","348","83","17","4","6","33","35","16","73","2","5","3",".239",".275",".360",".636",".281","4.0","-0.5","0.5","6609"
"Adeiny Hechavarria","125","516","482","121","19","7","4","46","42","26","93","1","9","7",".250",".287",".344",".631",".281","-1.6","-1.8","0.3","10459"
"Adrian Nieto","77","308","276","58","12","1","7","33","29","27","100","1","2","1",".210",".282",".338",".620",".280","-0.6","-0.5","0.4","10294"
"Tony Cruz","52","150","139","34","8","1","1","14","18","9","29","1","0","1",".243",".289",".341",".630",".280","1.5","-0.6","0.5","2802"
"Jason Bartlett","70","284","253","59","11","2","2","35","21","23","52","3","7","4",".235",".303",".309",".612",".280","-1.6","-0.5","0.2","8219"
"Jarrod Dyson","92","303","272","67","9","3","1","39","17","21","52","1","29","5",".245",".302",".317",".619",".280","4.4","3.6","0.9","4866"
"Cole Gillespie","90","338","303","66","12","2","5","34","28","31","81","2","6","3",".217",".293",".323",".616",".279","-0.1","-0.3","-0.3","5888"
"Chris Getz","71","249","224","57","9","1","1","28","19","15","25","1","12","3",".255",".303",".317",".620",".279","0.0","1.0","0.2","3388"
"Omar Quintanilla","84","295","266","62","10","2","3","29","25","25","60","1","1","1",".233",".301",".322",".623",".279","-2.7","-0.6","0.1","6335"
"Brett Hayes","53","175","166","37","10","0","5","18","16","7","45","1","1","0",".224",".256",".377",".633",".277","-1.3","0.0","0.2","4293"
"J.B. Shuck","112","412","377","93","13","3","2","47","31","29","46","1","8","4",".248",".301",".313",".614",".277","2.4","-0.7","-0.1","6677"
"Jonathan Herrera","79","232","206","50","7","1","1","28","14","17","35","1","2","3",".244",".305",".304",".609",".276","-1.7","-0.9","-0.3","4182"
"Marwin Gonzalez","95","321","299","73","15","1","4","32","22","14","49","1","6","3",".244",".279",".341",".620",".276","-1.6","-0.3","-0.2","5497"
"Rene Rivera","73","247","230","54","11","1","4","22","24","12","53","2","0","1",".234",".275",".344",".619",".275","3.3","-0.5","0.8","3648"
"Munenori Kawasaki","84","299","269","66","7","3","1","33","24","20","43","2","7","4",".247",".301",".303",".605",".275","-1.5","-0.3","0.0","13047"
"Willie Bloomquist","59","209","196","50","7","2","1","23","13","10","32","2","5","5",".257",".295",".319",".614",".275","-2.5","-1.1","-0.3","1066"
"Tony Gwynn","100","300","270","65","9","3","1","33","21","24","54","1","9","5",".239",".301",".304",".605",".275","1.2","-0.6","-0.1","6141"
"Jayson Nix","75","253","227","49","10","1","5","24","22","17","70","4","6","3",".214",".280",".328",".608",".274","-2.7","-0.1","-0.3","3790"
"Greg Dobbs","91","232","214","51","10","1","3","18","22","13","40","2","1","1",".239",".289",".332",".621",".274","-4.8","-0.2","-0.7","2158"
"Xavier Nady","84","275","255","57","11","0","6","27","27","16","62","3","1","0",".224",".275",".336",".612",".274","-0.3","0.0","-0.2","1658"
"Ed Lucas","96","382","351","82","15","1","5","41","30","23","87","3","2","1",".234",".284",".324",".608",".274","1.1","-0.6","0.0","7532"
"Jace Peterson","95","413","369","84","11","5","2","49","32","34","73","3","24","9",".228",".296",".303",".599",".274","0.0","1.0","0.6","12325"
"Pedro Ciriaco","90","321","305","78","13","2","3","33","25","9","54","1","12","4",".256",".279",".341",".620",".273","0.6","0.4","0.3","5278"
"Elliot Johnson","82","228","209","47","8","2","4","23","20","13","59","1","12","4",".227",".274",".338",".612",".272","0.2","0.7","0.2","4751"
"Pedro Florimon","120","421","380","84","15","2","6","40","36","30","117","2","13","6",".222",".282",".320",".602",".272","2.6","-0.1","0.6","8385"
"Andrew Romine","106","417","376","89","11","2","3","45","31","29","79","3","13","5",".238",".295",".300",".596",".272","0.7","0.2","0.3","1159"
"Ehire Adrianza","103","392","349","78","17","4","2","40","30","29","85","4","8","4",".222",".287",".311",".599",".271","2.7","-0.2","0.3","8418"
"Tuffy Gosewisch","71","261","245","55","14","1","5","21","27","10","51","3","1","2",".225",".262",".347",".609",".271","1.7","-0.9","0.3","5277"
"Nick Punto","76","210","184","41","7","1","1","19","12","22","44","0","3","1",".224",".303",".282",".586",".270","-0.8","-0.3","-0.1","1429"
"Chris Herrmann","102","397","358","77","13","2","6","40","33","33","91","2","2","2",".215",".283",".309",".592",".269","0.1","-0.6","0.5","9284"
"Ryan Goins","116","450","416","97","20","2","5","38","37","23","96","1","4","4",".234",".273",".329",".602",".269","3.3","-1.2","0.1","9807"
"John McDonald","50","116","106","25","4","0","1","10","10","6","19","2","0","0",".235",".287",".317",".603",".268","0.0","-0.1","0.1","395"
"Sandy Leon","77","291","264","57","12","1","3","26","24","23","61","1","1","1",".215",".279",".310",".589",".268","4.4","-0.5","0.7","5273"
"Ian Stewart","66","237","212","39","9","2","6","22","23","21","84","3","1","1",".186",".267",".333",".600",".267","-1.7","-0.3","-0.3","5950"
"Jordan Schafer","91","294","261","56","11","2","3","33","20","26","75","1","19","6",".214",".285",".306",".591",".267","0.1","1.3","-0.1","9883"
"Joaquin Arias","91","251","238","59","9","2","2","25","21","8","34","1","2","1",".248",".276",".332",".608",".266","1.0","-0.1","0.1","3817"
"Clint Barmes","92","310","283","65","12","0","4","26","26","16","59","4","1","1",".228",".277",".319",".596",".266","6.2","-0.5","0.7","1830"
"Darin Mastroianni","76","276","247","55","8","2","2","30","18","22","62","2","16","3",".222",".289",".292",".580",".266","1.5","1.8","-0.2","7316"
"Danny Worth","81","296","268","57","12","2","3","26","20","22","77","2","7","4",".214",".277",".307",".584",".265","1.0","-0.3","-0.1","198"
"Jonathan Diaz","96","352","305","66","10","1","1","31","22","30","73","6","7","3",".215",".298",".268",".566",".264","1.8","-0.2","0.0","4142"
"Jeff Bianchi","96","324","301","71","12","1","3","29","31","16","68","1","7","4",".237",".276",".314",".590",".264","4.0","-0.5","0.2","9958"
"Tony Campana","108","328","303","73","8","3","1","38","17","18","75","1","28","6",".241",".284",".298",".582",".263","3.5","2.7","0.1","4964"
"James Jones","89","372","342","75","12","4","4","41","29","25","109","2","13","7",".219",".273",".309",".583",".262","-1.6","-0.5","-1.1","9767"
"Jose Molina","74","218","199","43","8","0","3","18","15","15","48","1","1","1",".217",".275",".301",".576",".261","4.3","-0.2","0.8","25"
"Pete Kozma","110","379","346","76","15","1","4","36","38","28","81","1","4","1",".220",".279",".304",".583",".260","3.9","-0.2","0.4","2539"
"Jeff Mathis","64","210","189","38","9","1","4","18","21","14","64","1","1","0",".203",".259",".327",".586",".260","0.6","0.0","0.1","3448"
"Chris Stewart","70","212","194","45","7","0","1","19","17","10","27","3","2","0",".231",".279",".292",".570",".258","0.8","0.2","0.2","3878"
"Josh Wilson","83","263","245","54","11","1","3","25","22","12","65","3","3","1",".221",".264",".309",".573",".258","0.5","-0.3","-0.4","2102"
"Wil Nieves","50","158","149","36","6","0","2","11","13","6","31","0","0","0",".240",".267",".312",".580",".257","-2.1","-0.2","-0.3","1556"
"Drew Butera","50","153","142","31","6","1","2","14","12","7","33","1","0","0",".216",".260",".309",".569",".256","0.1","-0.2","0.1","3411"
"Alex Gonzalez","30","95","90","19","3","1","1","12","11","4","18","1","0","0",".211",".249",".303",".552",".248","-0.2","-0.1","-0.5","520"
"John Baker","43","138","123","24","3","0","1","11","7","13","36","1","1","1",".192",".272",".234",".507",".237","-1.9","-0.3","-0.5","4756"
