"Name","PA","AB","H","2B","3B","HR","R","RBI","BB","SO","HBP","SB","CS","AVG","OBP","SLG","OPS","wOBA","BsR","Fld","WAR","playerid"
"Miguel Cabrera","584","501","161","32","1","31","90","99","73","87","4","2","1",".320",".407",".572",".980",".417","-1.8","-2.9","5.3","1744"
"Mike Trout","586","499","153","28","6","23","93","77","72","114","6","25","10",".306",".398",".524",".922",".401","3.0","5.0","7.5","10155"
"Joey Votto","534","432","127","27","2","20","74","68","93","100","4","5","3",".293",".420",".503",".923",".400","-1.5","4.6","4.7","4314"
"Troy Tulowitzki","515","451","137","28","2","24","73","81","56","75","4","2","1",".304",".383",".534",".916",".397","-0.5","3.6","5.1","3531"
"Jose Bautista","506","417","109","21","1","29","77","77","79","84","4","4","2",".261",".381",".521",".901",".391","0.1","-2.4","4.0","1887"
"Giancarlo Stanton","487","418","113","25","1","30","68","77","60","123","4","4","2",".269",".364",".549",".913",".391","-2.0","2.1","4.0","4949"
"Andrew McCutchen","562","482","144","30","4","20","77","74","69","94","6","17","8",".299",".390",".503",".892",".388","1.4","-1.9","5.5","9847"
"Prince Fielder","548","464","133","27","1","25","78","84","72","82","8","1","1",".287",".389",".508",".897",".386","-3.4","-4.0","2.8","4613"
"Paul Goldschmidt","550","476","136","31","2","25","75","80","66","115","3","11","6",".286",".374",".517",".891",".384","0.0","4.9","4.1","9218"
"Jose Abreu","487","425","113","19","2","31","71","78","47","103","9","5","3",".267",".350",".541",".890",".384","-0.4","0.3","3.3","15676"
"Carlos Gonzalez","550","492","143","27","5","27","81","83","50","123","3","17","7",".291",".357",".528",".885",".381","1.6","0.1","3.4","7287"
"Ryan Braun","467","414","121","24","3","22","65","68","44","89","4","13","6",".292",".363",".521",".884",".381","1.0","-2.2","3.2","3410"
"Freddie Freeman","550","480","139","28","1","23","71","77","58","100","6","1","1",".289",".370",".495",".866",".377","-1.1","0.7","3.5","5361"
"David Ortiz","485","419","119","27","1","21","68","73","60","75","1","2","1",".285",".373",".506",".879",".375","-3.9","0.0","2.1","745"
"Shin-Soo Choo","567","470","132","28","2","16","84","59","77","112","12","15","7",".280",".392",".449",".841",".374","-0.1","-5.0","3.0","3174"
"Chris Davis","544","480","128","25","1","31","75","84","51","157","7","4","2",".266",".342",".518",".861",".371","-0.4","0.3","3.1","9272"
"Albert Pujols","534","475","134","28","0","27","74","84","50","63","4","4","2",".282",".352",".513",".865",".370","-1.9","3.7","3.6","1177"
"Buster Posey","509","447","131","27","1","17","62","68","53","68","5","2","1",".294",".373",".472",".845",".368","-1.8","4.8","5.3","9166"
"Matt Holliday","527","458","131","28","1","18","67","68","58","88","6","4","2",".285",".370",".469",".839",".368","-0.6","-4.5","3.0","1873"
"Edwin Encarnacion","562","486","128","25","2","27","76","83","65","78","5","5","3",".263",".354",".487",".841",".366","-0.5","-1.7","2.7","2151"
"Yasiel Puig","575","510","145","25","4","23","79","70","48","118","9","17","11",".285",".354",".487",".841",".366","-1.7","5.2","4.3","14225"
"Justin Morneau","421","378","108","24","1","17","55","62","35","70","4","1","0",".285",".349",".489",".838",".365","-1.5","0.3","1.4","1737"
"Adrian Beltre","535","490","145","28","1","23","71","84","36","65","5","1","1",".295",".347",".495",".842",".364","-1.1","6.0","4.3","639"
"Anthony Rizzo","563","492","131","29","2","25","72","76","60","96","6","6","4",".267",".350",".484",".835",".364","-1.5","8.6","3.5","3473"
"Evan Longoria","557","486","129","29","2","25","73","82","61","117","5","2","1",".266",".351",".485",".837",".362","0.1","11.3","5.8","9368"
"Michael Cuddyer","543","490","141","31","2","20","69","77","45","98","3","7","4",".288",".349",".481",".830",".362","-0.5","-6.7","1.4","1534"
"Bryce Harper","519","454","124","24","4","20","69","64","56","99","3","12","7",".272",".353",".473",".826",".362","-0.3","4.6","3.7","11579"
"Adrian Gonzalez","562","506","147","29","1","23","70","79","48","95","3","2","1",".290",".352",".484",".836",".361","-3.2","8.1","3.7","1908"
"Jayson Werth","480","415","115","23","1","17","61","59","54","98","5","7","3",".276",".364",".456",".820",".361","-0.1","-4.3","2.4","1327"
"Carlos Beltran","499","449","126","24","2","22","67","70","42","89","2","3","2",".281",".343",".488",".831",".360","-1.4","-2.7","2.1","589"
"David Wright","532","465","131","26","3","17","64","65","58","97","4","11","6",".282",".365",".460",".825",".360","0.1","-0.1","4.1","3787"
"Justin Upton","470","408","110","20","2","18","61","59","52","110","6","8","4",".269",".356",".465",".821",".360","1.1","-0.4","2.8","5222"
"Robinson Cano","560","503","148","35","1","18","72","74","47","77","6","4","2",".294",".358",".473",".830",".359","-0.6","1.6","4.1","3269"
"Billy Butler","568","499","144","30","1","17","71","75","60","89","4","1","1",".288",".366",".454",".820",".358","-3.5","-0.3","1.9","7399"
"Mike Napoli","408","351","88","19","1","19","53","57","48","120","4","2","1",".250",".345",".472",".817",".358","-0.7","2.4","2.0","3057"
"Jason Heyward","515","443","116","24","2","20","67","61","60","95","5","11","6",".262",".354",".457",".811",".358","1.4","10.9","4.2","4940"
"Joe Mauer","573","492","144","29","1","11","70","61","72","99","3","3","2",".293",".384",".425",".809",".356","-0.2","0.5","2.8","1857"
"Ryan Zimmerman","12","11","3","1","0","0","2","2","1","2","0","0","0",".277",".347",".464",".812",".355","0.0","0.0","0.1","4220"
"Brandon Belt","526","463","127","28","3","17","61","65","54","115","4","6","3",".274",".352",".457",".809",".355","-0.7","4.3","3.1","10264"
"Wilin Rosario","429","402","112","21","1","22","54","67","21","88","2","4","2",".280",".315",".502",".817",".355","-0.2","-1.7","2.6","8002"
"Jay Bruce","481","422","107","23","2","23","60","69","50","117","3","6","4",".253",".334",".481",".815",".351","-0.5","2.5","2.5","9892"
"Allen Craig","519","472","135","28","1","16","61","67","37","93","5","2","1",".287",".343",".455",".799",".351","-1.6","-2.3","2.3","3433"
"Aramis Ramirez","456","411","112","24","1","17","54","62","35","65","7","2","1",".273",".338",".461",".799",".350","-3.4","-3.8","2.0","1002"
"Eric Hosmer","564","507","146","29","2","16","70","71","48","74","2","9","5",".288",".349",".449",".798",".350","-0.3","0.3","2.3","3516"
"Brian McCann","448","397","104","18","1","21","57","63","44","68","3","2","1",".261",".336",".467",".803",".349","-2.0","-0.2","3.0","4810"
"Hanley Ramirez","519","464","127","25","1","19","63","67","46","91","4","14","7",".274",".342",".456",".798",".349","0.5","-8.4","3.1","8001"
"Matt Carpenter","516","447","126","28","3","9","65","45","56","82","5","4","2",".282",".366",".416",".782",".348","0.8","-1.8","3.3","8090"
"Dustin Pedroia","503","447","129","30","1","10","63","57","48","53","3","10","5",".288",".357",".426",".784",".346","-0.4","7.6","3.7","8370"
"Carlos Santana","536","447","109","26","1","17","65","63","80","94","3","3","2",".244",".361",".419",".780",".346","-1.7","-7.7","2.2","2396"
"Pablo Sandoval","534","480","133","28","2","17","62","68","45","77","3","1","1",".277",".341",".452",".793",".346","-1.3","-0.8","3.4","5409"
"Adam Lind","485","434","115","23","1","20","61","68","44","95","2","1","1",".264",".332",".460",".793",".346","-1.5","-0.1","1.6","8027"
"Josh Donaldson","540","480","128","28","2","19","66","69","49","95","5","4","2",".266",".337",".448",".785",".346","0.1","7.6","4.2","5038"
"Alex Gordon","580","514","142","31","3","15","77","62","53","109","5","9","5",".276",".348",".437",".785",".345","1.0","8.5","3.7","5209"
"Corey Dickerson","84","77","22","4","1","3","11","10","5","15","0","2","1",".278",".324",".469",".793",".345","-0.1","-0.6","0.2","10762"
"Matt Kemp","450","401","107","21","1","18","55","59","41","113","3","11","5",".267",".338",".457",".795",".345","0.2","-9.0","1.9","5631"
"Ben Zobrist","566","489","130","30","3","13","70","63","67","81","4","8","4",".265",".356",".419",".775",".344","0.5","5.3","4.2","7435"
"Corey Hart","515","465","123","26","2","20","65","67","39","114","6","4","2",".264",".326",".460",".786",".344","-0.3","-2.8","1.4","1945"
"Adam LaRoche","448","391","100","20","2","17","52","58","50","98","2","2","1",".255",".340",".444",".784",".343","-2.3","2.3","1.6","1904"
"Austin Jackson","570","503","140","27","6","11","78","53","55","123","3","11","5",".279",".351",".424",".775",".343","1.0","-0.4","3.3","9848"
"Nelson Cruz","421","380","97","20","0","20","52","59","33","95","3","4","2",".256",".318",".469",".787",".343","-1.2","-0.7","1.2","2434"
"Victor Martinez","533","483","142","28","1","13","63","66","42","49","2","3","2",".293",".349",".437",".786",".342","-3.0","-0.4","1.4","393"
"Ike Davis","361","310","76","16","0","14","42","46","45","79","2","2","1",".244",".341",".437",".778",".342","-0.3","2.4","1.8","8433"
"Adam Jones","527","492","136","25","2","22","65","76","25","102","6","9","5",".276",".317",".467",".783",".342","1.1","-5.5","2.4","6368"
"Mark Trumbo","247","225","57","11","1","13","30","37","18","62","1","2","1",".252",".308",".482",".790",".342","-0.2","-1.5","0.7","6876"
"Yadier Molina","366","335","98","20","0","9","40","44","24","39","3","3","2",".293",".343",".436",".779",".341","-1.8","7.4","3.4","7007"
"Michael Choice","262","233","64","12","1","7","32","30","22","53","3","2","1",".276",".343",".427",".770",".341","-0.1","-0.1","0.9","11376"
"Yoenis Cespedes","522","472","123","22","4","22","65","75","40","108","5","8","5",".260",".322",".463",".784",".341","-0.2","0.2","2.4","13110"
"Matt Joyce","426","366","90","21","1","15","53","51","51","85","3","5","3",".247",".342",".430",".771",".341","0.2","-0.7","1.9","3353"
"Carlos Quentin","364","318","78","18","1","14","42","46","32","61","10","1","1",".245",".332",".436",".768",".340","-0.6","-6.7","0.9","6274"
"Torii Hunter","551","504","143","26","3","16","70","66","34","103","6","4","3",".284",".334",".439",".773",".340","-0.7","-0.9","2.1","731"
"Matt Adams","463","426","115","23","1","19","53","63","29","97","2","3","2",".270",".317",".461",".778",".340","-0.5","0.2","1.7","9393"
"Domonic Brown","523","472","125","24","3","19","58","66","43","91","3","8","5",".265",".328",".450",".778",".340","-0.3","-6.7","1.3","3154"
"Mark Teixeira","308","268","64","13","1","14","38","41","33","62","4","1","1",".239",".328",".444",".772",".340","-0.9","3.7","1.2","1281"
"Josh Rutledge","84","77","22","5","1","2","10","9","4","15","1","2","1",".287",".332",".439",".771",".339","0.1","-0.3","0.0","11167"
"Chase Utley","470","415","109","22","3","14","55","53","42","66","8","6","3",".263",".340",".431",".770",".339","0.9","4.4","3.0","1679"
"Neil Walker","428","382","103","22","2","12","51","48","36","69","5","3","2",".269",".337",".431",".768",".339","0.1","-3.2","2.1","7539"
"Josh Willingham","377","320","74","16","0","15","45","47","46","99","8","1","1",".232",".340",".420",".760",".338","-1.1","-4.4","0.9","2103"
"Pedro Alvarez","486","432","104","19","1","25","57","68","46","136","3","3","2",".241",".315",".462",".777",".338","-0.6","-3.7","2.3","2495"
"Nick Swisher","548","472","116","26","1","18","67","64","66","121","4","1","1",".246",".341",".419",".760",".337","-1.3","-0.4","1.9","4599"
"Norichika Aoki","546","489","145","23","4","6","70","47","42","48","7","19","9",".297",".359",".398",".756",".337","-1.2","1.4","2.2","13075"
"Andre Ethier","445","393","105","23","1","12","50","52","43","84","4","3","2",".269",".345",".425",".771",".337","-0.8","-6.1","1.5","6265"
"Mark Reynolds","344","295","65","13","0","17","40","45","42","105","3","3","2",".220",".321",".443",".765",".337","-0.7","-2.7","0.7","7619"
"Mike Carp","320","287","75","17","1","11","38","40","26","76","3","3","2",".260",".327",".437",".764",".337","-0.4","-0.8","1.2","7480"
"Melky Cabrera","510","470","135","27","4","11","64","57","32","71","2","8","4",".288",".333",".437",".769",".337","-0.3","-5.4","1.3","4022"
"Hunter Pence","551","496","133","25","3","17","63","69","45","99","4","10","5",".268",".331",".434",".765",".337","0.6","-0.6","2.4","8252"
"Brett Lawrie","481","435","115","23","3","16","59","58","34","76","6","9","5",".264",".324",".441",".765",".337","0.3","4.1","3.0","5247"
"Jason Kipnis","538","471","123","25","3","14","67","60","58","103","4","18","8",".261",".344",".414",".757",".336","0.2","-2.8","2.8","9776"
"Kole Calhoun","392","353","94","17","4","12","48","46","32","68","2","8","4",".266",".329",".435",".764",".336","0.2","1.1","1.8","11200"
"Charlie Blackmon","441","402","114","22","4","10","52","49","28","65","4","13","7",".282",".333",".431",".764",".336","0.4","-3.9","0.9","7859"
"Jose Reyes","490","443","127","27","3","9","66","47","37","48","1","18","7",".286",".341",".425",".766",".336","0.9","-2.5","2.7","1736"
"Jonny Gomes","327","283","68","14","0","12","40","39","35","91","5","2","1",".242",".334",".423",".757",".336","-0.2","-2.9","0.8","1845"
"George Springer","481","425","105","18","3","19","61","61","45","134","4","22","10",".247",".323",".438",".761",".335","0.6","0.4","2.0","12856"
"Kyle Seager","555","496","131","29","1","15","65","66","49","96","5","7","4",".265",".334",".422",".757",".335","-0.4","-0.7","2.8","9785"
"Anthony Rendon","485","431","116","26","3","11","53","51","43","78","5","2","1",".269",".339",".421",".759",".335","0.2","-2.4","2.3","12861"
"Jacoby Ellsbury","589","532","148","25","5","14","81","56","44","84","5","35","11",".278",".336",".423",".759",".335","3.3","1.0","3.3","4727"
"Brandon Moss","505","448","109","22","2","22","61","68","46","130","5","3","2",".243",".317",".447",".764",".335","-1.1","-1.1","1.6","4467"
"Evan Gattis","425","392","100","21","1","20","50","61","23","84","5","2","1",".255",".303",".468",".770",".334","-0.3","-0.1","2.7","11003"
"Shane Victorino","441","398","108","24","3","10","58","48","30","61","7","14","5",".273",".333",".425",".757",".334","1.2","6.4","2.2","1677"
"Logan Morrison","421","369","93","20","3","13","50","51","45","71","3","2","1",".251",".335",".425",".759",".334","-0.5","-1.9","1.0","9205"
"Ian Kinsler","600","532","140","31","2","15","81","61","53","63","7","18","8",".262",".335",".417",".752",".334","2.0","1.1","3.3","6195"
"Josh Hamilton","431","389","100","20","2","17","53","58","35","105","3","3","2",".258",".322",".448",".770",".334","0.9","0.2","1.9","1875"
"Nick Markakis","509","455","127","25","2","10","60","53","44","57","4","3","2",".280",".346",".409",".755",".334","-0.4","-4.4","1.1","5930"
"Paul Konerko","345","306","80","13","0","12","40","43","32","52","3","0","0",".262",".336",".421",".757",".334","-3.1","-0.7","0.8","242"
"Jonathan Lucroy","384","347","95","18","2","10","42","44","29","51","3","5","3",".272",".331",".425",".756",".333","-1.2","0.0","2.3","7870"
"Nolan Arenado","522","487","137","31","2","15","57","65","26","64","3","4","3",".282",".319",".444",".763",".333","-0.3","11.5","2.9","9777"
"Chris Carter","478","413","92","19","1","22","57","62","56","156","3","2","1",".222",".318",".436",".753",".333","-1.1","-0.4","1.0","9911"
"Martin Prado","555","506","143","32","2","11","64","58","39","57","3","5","3",".282",".335",".420",".755",".333","-0.2","-0.1","2.4","3312"
"Chris Colabello","360","324","84","18","0","12","40","43","28","87","4","2","2",".260",".324",".432",".755",".333","-0.4","0.0","1.0","13051"
"Yonder Alonso","533","477","130","28","1","13","57","61","47","77","3","6","3",".274",".340",".417",".757",".333","-1.5","2.7","1.9","2530"
"Adam Eaton","534","469","128","24","5","8","66","47","47","79","10","17","9",".273",".350",".394",".744",".333","0.8","-6.6","1.9","11205"
"Daniel Nava","391","341","89","21","1","8","46","40","38","74","7","2","2",".262",".346",".399",".745",".333","-0.2","-3.5","0.8","5450"
"Wilson Ramos","121","110","30","5","0","4","13","15","8","19","1","1","0",".268",".320",".442",".762",".333","-0.2","0.3","0.8","1433"
"Will Middlebrooks","339","313","81","16","0","15","41","47","19","78","2","3","2",".260",".305",".458",".763",".332","-0.1","-0.8","1.5","7002"
"Wil Myers","544","486","124","24","2","19","64","68","49","127","3","6","4",".255",".325",".432",".757",".332","0.0","3.0","2.6","10047"
"Khris Davis","415","371","93","20","1","16","47","51","32","94","6","6","4",".250",".318",".435",".753",".332","-0.5","-2.6","1.0","9112"
"Dayan Viciedo","480","440","117","20","1","18","54","61","30","91","4","1","1",".265",".315",".442",".757",".332","-0.8","-3.4","1.1","3917"
"Ryan Howard","519","460","111","21","2","23","59","69","50","151","5","1","0",".241",".318",".448",".766",".332","-3.7","-5.2","0.4","2154"
"Coco Crisp","521","461","120","22","4","13","71","51","51","66","2","23","7",".261",".334",".414",".749",".331","2.3","-2.9","2.7","1572"
"Miguel Montero","460","399","102","22","1","12","49","51","49","94","6","1","0",".256",".344",".403",".747",".331","-1.6","2.7","2.8","3364"
"Jed Lowrie","466","413","108","25","1","11","55","52","45","66","3","1","1",".261",".335",".410",".745",".331","-0.6","-5.9","2.0","4418"
"Yasmani Grandal","324","281","71","15","1","8","33","34","38","61","2","2","1",".255",".345",".396",".740",".330","-0.4","-2.5","1.6","11368"
"Xander Bogaerts","482","430","113","23","2","12","57","55","41","97","4","7","4",".264",".331",".413",".744",".330","-0.3","-2.3","2.3","12161"
"Aaron Hill","543","493","131","27","4","16","64","61","38","79","5","6","4",".265",".322",".430",".752",".330","-0.6","-1.9","2.0","6104"
"Justin Ruggiano","416","373","95","20","1","14","47","48","35","102","2","13","7",".255",".321",".426",".747",".330","-0.6","-1.9","1.2","7620"
"Matt Wieters","413","370","94","19","0","15","48","51","36","73","2","2","1",".253",".320",".431",".751",".330","-1.6","6.5","3.0","4298"
"Adam Dunn","329","279","59","11","0","16","40","43","45","105","2","1","1",".210",".322",".422",".744",".329","-1.8","-0.1","0.3","319"
"Chase Headley","525","458","116","24","1","14","58","57","57","121","5","8","4",".253",".340",".401",".741",".329","-0.8","4.1","3.1","4720"
"Colby Rasmus","448","399","96","22","2","18","54","56","39","118","4","2","1",".241",".312",".438",".751",".329","1.0","-0.3","2.0","9893"
"David Murphy","403","361","95","19","2","11","46","46","34","56","2","5","3",".264",".329",".418",".747",".329","-0.1","1.8","1.7","6035"
"Mitch Moreland","393","352","88","18","1","14","46","49","33","83","3","2","1",".250",".317",".432",".749",".328","-0.6","0.2","0.4","3086"
"David Freese","468","417","110","20","1","12","51","51","40","103","6","2","1",".264",".334",".400",".735",".327","-1.3","-6.8","1.4","9549"
"Starling Marte","464","424","115","21","6","10","59","41","24","110","10","25","13",".272",".323",".421",".744",".327","1.1","8.6","2.6","9241"
"Seth Smith","341","300","75","18","1","10","37","38","33","74","3","1","1",".248",".327",".415",".742",".327","0.1","-0.3","1.2","7331"
"Oswaldo Arcia","354","322","82","16","2","12","39","43","25","89","4","3","2",".255",".313",".429",".742",".327","-0.1","-4.6","0.6","10306"
"Tommy La Stella","88","79","22","4","0","1","9","8","7","9","1","1","1",".280",".341",".393",".734",".326","-0.1","0.0","0.4","sa598119"
"Omar Infante","460","429","126","20","4","8","52","50","23","47","2","6","3",".293",".328",".412",".740",".326","-0.3","2.2","2.2","1609"
"Carlos Gomez","538","492","124","22","6","19","63","65","33","131","7","26","10",".252",".306",".439",".745",".326","1.4","9.5","3.5","4881"
"Steve Pearce","185","162","41","9","0","5","21","20","18","36","2","2","1",".251",".331",".407",".738",".326","-0.2","0.0","0.3","9957"
"Scott Van Slyke","160","140","34","8","0","5","18","18","17","36","1","2","1",".242",".326",".408",".734",".326","-0.3","0.2","0.6","4365"
"Salvador Perez","432","403","113","22","2","11","48","53","22","49","3","1","1",".281",".320",".424",".744",".326","-0.9","5.5","3.0","7304"
"Gaby Sanchez","256","224","56","12","0","7","27","28","27","44","2","1","1",".250",".333",".399",".732",".326","-0.2","1.3","1.0","3361"
"Carlos Ruiz","349","310","82","19","1","7","34","36","28","43","7","2","1",".266",".337",".402",".740",".325","-1.1","1.9","2.1","2579"
"Todd Frazier","468","418","101","22","2","17","50","55","38","99","6","6","3",".242",".313",".425",".738",".325","0.5","3.1","2.3","785"
"Josmil Pinto","214","191","49","10","0","6","24","24","19","39","1","1","0",".257",".325",".406",".731",".325","-0.1","-0.2","0.7","6806"
"Justin Smoak","484","422","99","19","0","17","55","57","54","104","2","2","1",".236",".324",".407",".731",".325","-2.3","0.6","0.9","9054"
"Alex Avila","348","298","71","15","1","9","39","37","43","92","2","2","1",".238",".336",".390",".725",".324","-0.8","0.6","2.0","7476"
"Oscar Taveras","58","54","15","3","0","1","6","7","3","8","0","1","1",".277",".320",".421",".741",".324","0.0","0.0","0.3","sa506574"
"Will Venable","453","412","105","20","5","14","54","49","31","103","4","16","6",".255",".311",".432",".743",".324","1.4","-3.8","1.7","211"
"Ian Desmond","527","485","129","27","2","15","58","60","32","118","4","14","7",".266",".314",".423",".738",".324","0.8","-2.7","2.4","6885"
"Alex Rios","514","479","132","25","4","13","60","64","28","78","3","20","9",".275",".315",".426",".741",".324","1.4","0.2","1.2","2090"
"Cody Ross","379","343","88","20","1","11","41","45","29","76","3","3","2",".257",".317",".419",".737",".324","-0.6","0.6","0.8","1760"
"Lucas Duda","473","408","94","19","1","16","50","54","54","116","6","2","2",".232",".328",".399",".726",".324","-1.0","1.2","1.3","2502"
"Derek Norris","214","186","44","9","0","7","25","25","23","45","2","3","1",".234",".321",".406",".727",".324","-0.2","-0.9","1.1","6867"
"Donnie Murphy","116","105","26","5","0","4","14","15","8","27","2","1","1",".246",".305",".430",".736",".324","-0.1","-1.1","0.3","4704"
"Jon Jay","269","241","67","12","1","4","29","24","20","43","5","5","3",".277",".342",".386",".728",".323","0.1","-1.6","1.0","5227"
"Daric Barton","321","270","66","15","1","5","35","29","44","50","3","2","1",".243",".352",".359",".711",".323","-0.2","5.1","1.5","5928"
"Michael Morse","528","484","123","24","1","20","57","69","32","125","6","1","1",".254",".307",".430",".737",".323","-2.8","-10.7","0.5","3035"
"Jedd Gyorko","536","488","123","23","2","20","58","66","39","112","3","4","2",".252",".309",".426",".735",".323","-0.1","-0.5","2.4","10816"
"Manny Machado","381","352","94","21","2","10","47","41","22","59","2","6","4",".268",".312",".421",".734",".323","-0.1","13.7","3.0","11493"
"Angel Pagan","503","456","126","27","5","7","58","44","38","69","2","16","7",".276",".332",".400",".732",".323","1.6","-5.5","2.0","2918"
"Tyler Moore","213","195","48","10","1","9","23","27","14","55","1","1","1",".246",".299",".437",".736",".322","-0.3","0.2","0.4","7244"
"Eric Chavez","163","147","38","7","1","5","17","19","12","33","1","1","1",".256",".316",".422",".738",".322","-0.5","0.3","0.5","906"
"Brad Miller","559","506","134","24","4","13","70","54","41","98","3","11","6",".264",".321",".408",".729",".322","0.6","-0.1","2.8","12775"
"Gerardo Parra","537","485","133","28","3","9","58","51","41","86","4","12","7",".273",".332",".401",".733",".322","-0.3","7.8","1.9","8553"
"Jason Castro","468","412","100","21","2","13","52","53","48","111","4","2","1",".243",".325",".401",".726",".322","-0.3","-1.2","2.2","8722"
"Travis Snider","319","286","72","15","1","9","35","35","27","70","2","4","2",".253",".318",".413",".731",".322","-0.4","-0.6","0.9","2830"
"Kelly Johnson","359","316","75","14","2","12","42","41","35","88","3","6","3",".236",".316",".411",".727",".322","-0.3","1.2","0.9","2234"
"Leonys Martin","480","436","117","21","6","9","59","51","31","91","5","27","13",".268",".322",".408",".730",".322","0.9","2.2","2.0","11846"
"Michael McKenry","21","19","5","1","0","1","2","2","2","5","0","0","0",".252",".316",".413",".729",".322","0.0","-0.1","0.1","9628"
"Welington Castillo","334","298","75","15","0","10","33","37","27","78","5","1","1",".250",".320",".407",".727",".322","-0.4","-0.6","1.7","3256"
"Michael Brantley","486","439","120","23","2","8","54","49","38","53","3","12","5",".274",".334",".392",".726",".321","0.6","-0.8","1.7","4106"
"Howie Kendrick","508","469","130","26","3","10","55","56","27","92","6","9","5",".277",".322",".410",".732",".321","-0.4","1.1","2.4","4229"
"Christian Yelich","546","487","129","25","4","9","61","47","49","121","3","15","8",".264",".333",".388",".721",".321","0.9","0.3","1.5","11477"
"Devin Mesoraco","302","272","68","15","0","10","30","35","24","51","2","2","2",".252",".314",".421",".734",".321","-0.5","0.1","1.6","5666"
"Ryan Wheeler","28","26","7","1","0","1","3","3","2","5","0","0","0",".273",".315",".416",".731",".321","0.0","0.0","0.1","9312"
"Lonnie Chisenhall","365","334","85","19","1","12","41","44","22","67","4","3","2",".256",".306",".424",".731",".321","-0.1","-0.9","1.0","7571"
"Alex Hassan","28","25","6","1","0","1","3","3","3","6","0","0","0",".255",".338",".377",".716",".321","0.0","0.0","0.1","sa502062"
"Mike Moustakas","412","376","95","22","1","14","46","51","28","68","4","3","2",".252",".308",".422",".729",".321","-0.8","5.0","2.1","4892"
"Darin Ruf","113","100","24","5","0","4","12","13","10","29","1","0","0",".243",".316",".407",".723",".320","-0.2","-0.4","0.0","9929"
"Dexter Fowler","538","459","109","23","5","9","65","45","67","127","4","16","9",".238",".339",".372",".711",".320","1.9","-7.7","1.6","4062"
"Henry Urrutia","28","26","7","1","0","1","3","3","1","5","0","0","0",".280",".319",".408",".727",".320","0.0","0.0","0.0","14441"
"Jose Tabata","490","439","118","25","3","6","54","42","38","71","6","9","5",".269",".334",".383",".717",".320","-0.1","-3.2","1.3","2411"
"Drew Stubbs","210","187","48","9","1","5","25","21","19","57","1","8","3",".255",".325",".393",".718",".320","1.1","0.0","0.5","9328"
"Dean Anna","294","261","68","13","1","5","32","29","26","41","4","3","2",".261",".333",".380",".714",".320","-0.3","3.8","1.5","8353"
"Ryan Lavarnway","21","19","5","1","0","1","2","2","2","4","0","0","0",".255",".319",".405",".724",".320","0.0","-0.1","0.1","8879"
"Jackie Bradley Jr","197","174","44","12","1","3","23","20","18","42","3","5","3",".251",".330",".385",".715",".320","-0.2","0.4","0.7","12984"
"Chris Johnson","465","430","117","26","1","11","46","52","25","108","4","2","1",".273",".317",".411",".728",".319","-0.8","-8.6","0.8","1191"
"Carl Crawford","436","403","110","23","3","9","51","41","24","71","3","15","6",".273",".316",".409",".726",".319","1.4","4.1","1.9","1201"
"Michael Taylor","115","102","25","6","0","3","13","12","11","23","1","2","1",".249",".323",".392",".716",".319","0.0","-0.7","0.2","2591"
"Desmond Jennings","543","475","116","23","4","12","67","49","55","109","5","19","7",".244",".327",".384",".711",".318","2.6","-3.4","2.3","1965"
"Thomas Neal","12","11","3","1","0","0","1","1","1","2","0","0","0",".267",".322",".393",".716",".318","0.0","-0.1","0.0","9461"
"Trevor Plouffe","445","401","98","20","2","14","48","51","35","91","4","2","1",".244",".310",".409",".719",".318","-1.1","-7.1","0.9","7462"
"DJ LeMahieu","471","436","129","22","4","3","51","42","26","65","2","15","9",".295",".335",".387",".722",".318","-0.4","2.6","1.1","9874"
"Kevin Kouzmanoff","35","33","9","2","0","1","4","4","2","5","0","0","0",".269",".308",".417",".725",".318","-0.1","0.1","0.1","5995"
"Asdrubal Cabrera","462","418","107","24","2","11","53","50","34","85","6","7","3",".256",".318",".401",".719",".318","-0.1","-9.0","1.2","4962"
"Delmon Young","216","201","53","10","0","7","24","26","10","44","2","1","0",".264",".304",".419",".723",".318","-0.5","-0.7","0.0","2140"
"Nick Castellanos","466","429","115","24","1","10","51","51","29","82","3","4","2",".269",".316",".403",".719",".318","-0.5","1.8","1.8","11737"
"Nate Schierholtz","441","404","103","23","2","13","46","51","28","83","4","6","4",".255",".307",".418",".725",".317","0.1","-0.9","0.6","6201"
"Andrelton Simmons","544","500","134","23","6","12","59","54","33","44","3","9","6",".268",".314",".407",".721",".317","-0.4","17.4","4.3","10847"
"Dioner Navarro","297","269","70","13","1","8","33","34","22","37","2","2","1",".259",".318",".400",".718",".317","-1.4","-0.8","1.0","3179"
"Garrett Jones","488","439","106","24","2","16","51","57","40","117","2","2","1",".241",".306",".414",".720",".317","-1.8","-2.8","0.1","2714"
"Andy Dirks","185","168","44","8","1","4","21","20","14","31","1","2","1",".263",".321",".395",".716",".317","0.0","0.2","0.4","6453"
"Ryan Ludwick","387","348","84","16","1","14","41","46","31","87","3","1","1",".242",".309",".410",".719",".317","-0.8","-4.1","0.3","1260"
"James Loney","443","402","108","23","0","9","47","48","35","53","1","2","1",".270",".327",".395",".722",".317","-0.9","5.7","1.4","4556"
"Yan Gomes","367","336","85","19","2","10","40","43","22","82","4","2","1",".253",".305",".414",".718",".317","-0.3","2.6","2.3","9627"
"Brandon Barnes","237","217","57","12","1","5","26","25","14","57","2","7","4",".262",".311",".405",".717",".317","0.1","2.5","0.5","629"
"John Jaso","312","264","63","14","1","5","35","28","41","56","3","3","2",".238",".344",".351",".695",".317","-0.5","-1.4","1.4","5887"
"Denard Span","516","466","128","24","5","4","61","38","40","61","2","14","6",".275",".333",".377",".710",".317","1.0","1.3","2.1","8347"
"Garin Cecchini","28","25","7","2","0","0","3","3","2","5","0","1","0",".265",".334",".375",".709",".317","0.0","0.0","0.1","sa548308"
"Starlin Castro","541","501","138","28","3","10","59","51","29","80","4","11","7",".276",".318",".403",".720",".317","-0.5","-3.9","1.6","4579"
"Michael Saunders","355","313","75","16","2","9","41","37","36","85","2","10","5",".240",".319",".395",".713",".317","0.4","-0.5","0.9","9981"
"Zoilo Almonte","30","27","7","1","0","1","3","3","2","6","0","1","0",".257",".308",".410",".718",".317","0.0","0.1","0.1","6732"
"Rickie Weeks","243","211","49","10","1","7","27","24","24","59","4","4","2",".231",".319",".388",".707",".316","0.0","-3.5","0.4","1849"
"Dustin Ackley","482","428","111","23","3","8","54","46","45","80","2","5","3",".259",".330",".381",".711",".316","0.5","-0.2","1.2","10099"
"Juan Francisco","57","52","12","2","0","2","7","7","4","17","0","0","0",".238",".293",".433",".726",".316","-0.1","-0.3","0.0","6978"
"Grant Green","39","36","10","2","0","1","4","4","2","7","0","1","0",".276",".317",".400",".717",".316","0.0","-0.2","0.1","10053"
"Brock Holt","97","88","25","5","1","1","11","9","7","13","1","2","1",".282",".337",".371",".708",".316","-0.1","-1.5","0.2","9345"
"Chris Denorfia","421","381","101","17","4","8","46","38","32","65","2","9","4",".265",".323",".390",".712",".316","-0.2","1.6","1.4","4400"
"Caleb Gindl","51","46","11","2","0","1","5","6","4","10","0","0","0",".250",".314",".400",".714",".316","0.0","-0.1","0.1","5002"
"Johnny Giavotella","70","63","17","4","0","1","8","7","5","9","0","1","1",".274",".330",".380",".710",".315","0.0","-0.5","0.2","6740"
"Jesus Guzman","318","285","71","16","1","8","35","35","26","73","2","3","2",".248",".315",".398",".713",".315","-0.3","-0.7","0.6","3118"
"Alejandro De Aza","582","522","134","27","4","12","71","51","45","119","6","18","9",".256",".320",".390",".710",".315","1.0","2.0","1.4","3371"
"Jon Singleton","170","148","34","7","1","5","20","19","19","47","1","2","1",".230",".318",".391",".709",".315","0.0","0.0","0.2","sa501596"
"Bryce Brentz","57","52","13","3","0","2","7","7","3","14","0","1","0",".253",".299",".418",".717",".315","0.0","0.0","0.1","sa392232"
"Chris Parmelee","94","83","21","4","0","2","10","10","9","19","1","0","0",".248",".322",".386",".708",".315","-0.1","-0.1","0.1","2554"
"Chris Iannetta","224","186","40","8","0","6","25","22","32","53","2","2","1",".216",".334",".362",".696",".315","-0.6","-0.3","1.2","8267"
"Luis Valbuena","368","318","75","17","1","8","38","34","43","67","2","3","2",".237",".329",".374",".703",".315","-0.4","2.2","1.3","4969"
"Ryan Sweeney","196","177","47","10","1","3","19","19","15","34","1","1","1",".263",".322",".386",".708",".314","-0.2","-0.7","0.4","6352"
"Brett Gardner","570","501","128","24","5","7","69","46","54","115","6","23","8",".255",".332",".367",".699",".314","2.9","13.3","3.0","9927"
"Elvis Andrus","541","483","132","21","3","4","66","46","46","69","4","28","11",".274",".340",".359",".699",".314","3.5","6.2","3.0","8709"
"Taylor Green","57","51","13","3","0","2","6","6","4","10","1","0","0",".248",".311",".398",".710",".314","0.0","-0.6","0.1","9147"
"Daniel Murphy","533","495","137","30","2","8","57","50","28","71","3","10","5",".277",".317",".397",".714",".314","0.6","-6.7","1.4","4316"
"Scott Moore","36","32","8","2","0","1","4","4","3","8","0","0","0",".247",".317",".390",".707",".314","0.0","-0.5","0.1","4390"
"Jean Segura","528","490","135","19","7","9","61","49","25","68","5","30","15",".276",".316",".398",".714",".314","0.3","0.2","2.2","5933"
"Derek Jeter","359","324","90","14","1","4","42","29","26","51","3","4","2",".277",".335",".365",".701",".314","-0.6","-6.7","0.6","826"
"David Lough","419","389","106","18","5","8","46","43","20","60","4","10","6",".271",".311",".403",".714",".314","0.0","5.3","1.4","7215"
"Alberto Callaspo","320","284","73","15","0","5","33","31","32","33","1","2","1",".259",".333",".369",".703",".314","-0.9","-3.5","-0.1","3336"
"Brady Shoemaker","6","5","1","0","0","0","1","1","1","1","0","0","0",".251",".325",".375",".700",".314","0.0","0.0","0.0","sa502052"
"Jason Kubel","398","354","85","17","2","12","43","44","38","108","2","2","1",".240",".314",".398",".713",".313","-1.3","-3.5","0.3","2161"
"Alex Presley","386","353","92","15","5","8","45","36","25","72","2","10","6",".262",".314",".395",".709",".313","0.1","-1.2","0.8","5305"
"Alfonso Soriano","486","447","105","23","1","21","56","66","29","119","5","7","4",".236",".288",".428",".717",".313","-1.6","-0.1","0.2","847"
"Josh Vitters","18","16","4","1","0","1","2","2","1","3","0","0","0",".251",".303",".409",".712",".313","0.0","0.0","0.0","4623"
"Jose Altuve","561","517","144","27","3","7","65","50","33","63","3","27","14",".279",".324",".382",".707",".313","0.0","-4.6","1.5","5417"
"Charlie Culberson","163","154","42","8","1","4","18","18","6","31","1","5","3",".271",".302",".413",".715",".313","0.1","-0.1","0.2","3298"
"Steven Souza","54","48","12","2","0","2","6","6","5","13","0","2","1",".241",".310",".393",".703",".313","-0.1","0.2","0.0","5667"
"Jurickson Profar","371","329","82","17","2","8","42","38","33","59","3","8","4",".248",".320",".380",".700",".312","-0.4","0.5","1.0","10815"
"A.J. Pollock","494","451","120","26","3","7","53","45","33","80","3","12","6",".267",".318",".387",".705",".312","-0.2","7.4","2.1","9256"
"Justin Maxwell","208","185","43","9","1","6","23","23","19","61","2","5","2",".232",".307",".395",".702",".312","0.1","0.1","0.4","6827"
"Marc Krauss","265","232","53","11","1","8","29","28","27","65","2","3","2",".230",".314",".386",".701",".312","-0.2","-0.6","0.3","7577"
"Jordan Pacheco","186","171","47","10","1","2","19","18","10","24","2","2","1",".275",".322",".381",".702",".312","-0.2","-0.5","-0.4","2677"
"Lorenzo Cain","410","372","98","19","2","6","44","41","28","82","5","11","5",".264",".321",".380",".700",".312","0.1","6.1","2.0","9077"
"Brandon Phillips","529","488","128","24","1","13","55","58","30","81","6","6","3",".262",".310",".397",".707",".312","0.1","8.5","2.5","791"
"Jemile Weeks","64","56","15","3","1","1","7","5","6","10","1","2","1",".259",".334",".358",".692",".311","0.0","-0.8","0.1","2498"
"Chris Heisey","315","290","72","13","1","10","34","35","16","69","4","6","3",".248",".296",".411",".707",".311","0.7","0.4","0.8","3978"
"J.J. Hardy","535","494","125","23","1","18","60","61","32","74","2","2","1",".253",".299",".410",".708",".311","-0.7","4.0","2.4","3797"
"Josh Reddick","446","399","92","19","2","15","50","53","40","92","2","5","3",".231",".302",".403",".705",".311","0.4","8.8","1.9","3892"
"Carlos Peguero","12","10","3","1","0","0","1","1","1","3","0","0","0",".244",".298",".410",".709",".311","0.0","-0.3","0.0","8760"
"Nick Franklin","97","87","21","4","0","2","11","10","9","21","0","2","1",".245",".313",".386",".699",".311","0.0","-0.6","0.3","10166"
"Steve Clevenger","107","97","25","5","1","2","11","10","8","16","1","1","0",".259",".318",".380",".698",".310","-0.2","-0.6","0.4","9542"
"Ryan Doumit","251","227","56","12","1","7","26","28","19","48","2","1","0",".247",".309",".396",".705",".310","-0.8","-1.4","0.5","2113"
"Grady Sizemore","292","266","65","16","2","7","33","32","19","64","3","4","3",".245",".301",".403",".703",".310","-0.3","-5.3","0.0","2197"
"Travis d'Arnaud","346","311","75","16","1","10","33","37","29","65","2","2","1",".240",".307",".394",".700",".310","0.0","0.0","1.7","7739"
"Josh Satin","191","166","40","9","0","3","18","18","21","45","1","1","1",".243",".329",".360",".689",".310","-0.4","-0.2","0.0","6788"
"Marco Scutaro","326","297","82","14","2","3","35","26","23","26","2","2","1",".275",".329",".362",".691",".310","-0.4","-1.3","1.0","1555"
"Nate McLouth","415","367","89","19","2","9","47","37","38","65","4","14","6",".243",".319",".375",".694",".310","1.4","-1.8","1.1","3190"
"Bobby Abreu","253","219","53","11","1","4","25","22","30","53","1","4","2",".241",".333",".355",".688",".310","-0.9","-1.6","-0.2","945"
"Curtis Granderson","475","414","88","16","2","18","53","51","51","133","5","9","4",".212",".303",".392",".695",".310","0.3","1.6","1.2","4747"
"Cody Asche","382","350","88","18","2","10","36","41","25","79","2","5","3",".252",".305",".398",".703",".310","-0.1","-2.3","0.8","11997"
"Marcell Ozuna","486","450","114","23","3","13","48","55","28","96","3","5","3",".254",".299",".403",".702",".309","0.2","0.4","1.5","10324"
"Nate Freiman","118","107","27","5","0","3","13","13","7","22","1","0","0",".251",".305",".394",".699",".309","-0.2","0.2","0.1","6582"
"Dan Uggla","406","347","73","13","1","14","42","44","48","116","5","2","1",".210",".313",".376",".689",".309","-0.5","-7.7","0.4","3442"
"Jhonny Peralta","458","412","103","22","1","10","43","48","38","89","2","3","2",".249",".313",".383",".697",".309","-1.8","-2.0","1.5","1738"
"Matt Dominguez","483","443","108","22","1","16","52","57","30","71","4","2","1",".245",".296",".406",".702",".309","-1.1","2.7","1.6","4903"
"Rajai Davis","402","368","98","20","3","5","48","38","23","73","5","33","12",".267",".317",".379",".696",".309","3.2","-3.0","0.6","3708"
"Conor Gillaspie","346","311","78","15","2","8","36","36","29","57","1","2","1",".251",".315",".383",".698",".309","-0.2","-2.9","0.6","9009"
"Rafael Furcal","366","329","86","16","2","5","39","27","29","42","3","8","4",".262",".325",".365",".690",".309","0.0","1.8","1.3","88"
"Gordon Beckham","275","248","62","14","1","6","30","28","20","41","3","3","2",".250",".311",".383",".694",".309","0.0","-0.3","0.7","9015"
"Geovany Soto","186","163","36","8","0","6","21","21","18","47","2","1","1",".223",".306",".389",".694",".309","-0.8","0.1","0.7","3707"
"Russell Martin","375","325","74","14","0","10","38","38","40","73","5","5","3",".229",".321",".364",".685",".309","-0.3","3.8","2.2","4616"
"Andrew Brown","7","7","2","0","0","0","1","1","1","2","0","0","0",".231",".296",".402",".698",".309","0.0","0.0","0.0","3837"
"Derek Dietrich","119","108","26","5","1","3","12","13","7","26","2","1","1",".243",".301",".397",".698",".309","0.1","-0.7","0.3","10542"
"Tommy Medica","88","80","19","4","0","3","9","10","6","24","1","1","0",".234",".296",".402",".698",".309","0.0","-0.1","0.2","11147"
"Chris Young","456","400","88","20","1","15","48","48","47","106","3","12","6",".220",".305",".390",".694",".308","0.5","1.0","1.7","3882"
"Jaff Decker","11","10","2","0","0","0","1","1","1","2","0","0","0",".232",".318",".370",".687",".308","0.0","0.0","0.0","7945"
"Ryan Raburn","318","288","68","16","0","10","34","36","23","79","3","2","1",".238",".299",".398",".697",".308","-0.2","0.3","0.5","2218"
"Jarrod Saltalamacchia","394","350","80","19","1","12","38","42","37","115","2","2","1",".228",".302",".392",".694",".308","0.0","-3.3","1.3","5557"
"Marcus Semien","362","322","76","15","2","9","40","38","33","71","2","9","5",".236",".308",".383",".691",".308","-0.2","-1.5","0.8","12533"
"Zach Lutz","16","15","3","1","0","0","2","2","2","4","0","0","0",".237",".315",".372",".687",".308","0.0","-0.1","0.0","3735"
"A.J. Ellis","291","251","60","11","1","5","27","27","33","55","3","1","1",".239",".332",".350",".683",".308","-0.8","3.2","1.7","5677"
"L.J. Hoes","275","244","63","11","1","3","28","24","25","41","2","6","4",".258",".329",".353",".682",".307","-0.1","-1.3","0.3","6656"
"Scooter Gennett","316","296","82","13","3","5","30","30","14","47","2","6","4",".276",".311",".386",".696",".307","-0.1","2.1","1.0","10339"
"Vince Belnome","57","50","12","2","0","1","6","6","6","13","0","0","0",".238",".325",".357",".681",".307","0.0","0.0","0.1","sa502346"
"Erick Aybar","515","479","130","25","5","6","57","49","25","56","4","13","6",".271",".311",".383",".693",".307","1.4","-1.4","2.2","4082"
"A.J. Pierzynski","272","255","68","13","1","6","28","31","10","40","4","1","0",".267",".302",".398",".700",".307","-1.4","-0.1","0.9","746"
"Kevin Frandsen","110","102","28","5","0","1","11","10","4","11","2","1","1",".276",".318",".372",".689",".307","-0.2","-0.9","0.1","7528"
"David DeJesus","411","364","88","19","3","7","47","36","36","72","6","5","3",".241",".317",".366",".683",".306","-0.3","0.4","0.9","1825"
"Mike Olt","289","255","56","11","1","11","30","32","28","82","2","2","1",".220",".300",".391",".690",".306","0.0","-1.1","0.4","10698"
"Gregory Polanco","88","81","21","4","1","2","9","9","5","13","1","4","2",".259",".307",".383",".691",".306","-0.1","0.0","0.1","sa507194"
"Alexei Ramirez","532","497","135","24","1","10","57","54","25","59","4","15","8",".272",".308",".384",".692",".306","0.9","0.9","1.9","5133"
"David Ross","157","140","32","7","0","5","17","17","14","48","1","1","1",".230",".301",".386",".686",".306","-0.7","1.3","0.7","1551"
"Brian Dozier","496","446","109","21","2","12","55","48","39","92","4","12","7",".243",".307",".379",".686",".306","0.2","1.5","1.6","9810"
"Ryan Roberts","58","52","13","3","0","1","6","6","5","12","0","1","1",".240",".310",".375",".685",".306","-0.1","-0.1","0.1","5653"
"Marlon Byrd","416","384","96","20","2","11","40","46","22","101","5","2","2",".249",".297",".399",".696",".305","-0.8","1.7","0.5","950"
"Danny Valencia","157","146","37","8","1","4","16","18","8","28","0","1","1",".255",".294",".401",".695",".305","-0.2","-2.6","0.1","6364"
"Nolan Reimold","57","51","12","2","0","2","6","6","5","14","1","1","0",".231",".298",".391",".689",".305","0.0","-0.3","0.0","3441"
"Andrew Lambo","102","92","22","4","1","3","11","12","7","25","1","2","1",".235",".295",".400",".695",".305","0.0","-0.1","0.0","5386"
"Hunter Morris","18","16","4","1","0","1","2","2","1","4","0","0","0",".240",".283",".414",".697",".305","0.0","0.0","0.0","sa526553"
"Joey Terdoslavich","39","35","9","2","0","1","4","4","3","8","0","1","0",".247",".299",".390",".690",".305","0.0","0.0","0.0","10593"
"Casper Wells","30","27","6","1","0","1","3","3","2","8","0","0","0",".228",".298",".388",".686",".305","0.0","-0.4","0.0","9700"
"Junior Lake","399","368","93","18","2","9","41","38","22","99","4","15","9",".254",".300",".387",".687",".304","-0.5","2.7","0.6","4672"
"Jim Adduci","17","15","4","1","0","0","2","2","1","4","0","1","0",".256",".319",".362",".682",".304","0.0","0.0","0.0","6448"
"Stefen Romero","160","149","38","8","1","4","18","18","7","31","2","3","2",".257",".296",".394",".690",".304","-0.1","0.0","0.2","11746"
"Brian Bogusevic","51","46","11","2","0","1","5","5","5","11","1","1","1",".243",".318",".360",".678",".304","0.0","0.4","0.1","4719"
"Javier Baez","83","77","18","3","0","3","9","10","4","23","1","2","1",".236",".280",".413",".693",".304","0.0","0.0","0.2","sa597757"
"Shane Robinson","207","183","45","8","1","3","20","19","19","30","1","4","2",".248",".322",".353",".675",".304","0.3","1.5","0.7","4249"
"Cameron Maybin","178","160","39","7","2","3","18","17","14","35","1","7","3",".246",".309",".374",".683",".304","0.8","-0.1","0.6","5223"
"John Mayberry","228","207","49","11","0","7","22","25","16","51","2","3","1",".236",".295",".392",".686",".303","-0.1","-0.5","0.3","3390"
"Craig Gentry","281","249","64","11","2","2","30","24","22","47","5","15","6",".258",".329",".345",".674",".303","1.2","5.3","1.6","9571"
"Sean Halton","98","89","21","5","0","2","10","10","6","23","1","1","1",".241",".299",".386",".684",".303","-0.1","0.0","-0.1","9853"
"Max Stassi","27","25","6","1","0","1","3","3","2","6","0","0","0",".237",".287",".401",".688",".303","0.0","0.0","0.1","10059"
"Hank Conger","305","276","67","13","1","8","32","33","21","59","3","2","1",".244",".303",".383",".686",".303","-0.3","-1.9","1.2","2505"
"Lyle Overbay","256","228","53","12","1","6","25","26","24","58","1","2","1",".233",".306",".376",".682",".303","-1.0","0.1","0.1","1617"
"Erik Kratz","78","71","16","4","0","3","9","9","5","16","1","1","0",".231",".290",".402",".692",".303","-0.1","0.3","0.3","4403"
"Casey McGehee","469","423","103","20","2","10","45","47","38","90","2","2","1",".243",".307",".373",".681",".303","-1.2","-5.2","0.4","6086"
"Shane Peterson","29","25","6","1","0","1","3","3","3","7","0","1","0",".237",".318",".353",".672",".303","0.0","0.0","0.0","7423"
"Ichiro Suzuki","307","288","82","12","2","3","33","28","14","36","1","10","4",".284",".317",".372",".689",".303","0.3","2.8","0.7","1101"
"Jose Lobaton","232","204","48","10","1","4","21","22","23","49","1","1","1",".237",".315",".360",".674",".302","-0.5","-1.1","0.8","4243"
"Robbie Grossman","64","56","13","3","0","1","7","5","7","14","0","2","1",".238",".321",".347",".668",".302","-0.1","-0.7","0.0","5254"
"Josh Harrison","139","129","34","7","1","2","14","13","6","19","2","5","3",".264",".302",".381",".683",".302","0.1","-0.4","0.3","8202"
"Michael Bourn","524","470","121","21","5","5","63","38","43","119","3","27","10",".257",".321",".354",".675",".302","3.6","3.4","2.4","6387"
"Jeff Keppinger","83","77","21","3","0","1","8","8","5","8","0","0","0",".268",".311",".368",".679",".302","-0.3","-0.8","0.1","3856"
"Logan Forsythe","340","300","72","13","2","6","36","31","30","66","5","6","3",".240",".317",".357",".674",".302","0.1","-0.5","0.5","7185"
"Steve Susdorf","12","11","3","1","0","0","1","1","1","2","0","0","0",".261",".318",".358",".676",".302","0.0","0.0","0.0","8587"
"Anthony Recker","143","127","29","6","0","5","14","15","13","39","1","2","1",".224",".297",".382",".680",".302","-0.1","0.1","0.6","4063"
"Jordany Valdespin","29","27","7","1","0","1","3","3","1","5","0","1","1",".256",".298",".385",".683",".302","0.0","0.0","0.0","5098"
"Chris Owings","459","432","115","22","3","8","43","47","19","90","3","12","6",".267",".299",".387",".686",".302","0.0","1.7","1.3","10030"
"David Adams","29","26","6","1","0","1","3","3","2","6","0","0","0",".242",".306",".368",".674",".302","0.0","0.0","0.1","7389"
"Don Kelly","282","252","62","9","2","6","30","28","23","41","2","3","1",".245",".312",".361",".673",".301","-0.1","-1.1","0.1","2216"
"Yangervis Solarte","456","420","110","22","0","8","49","47","27","53","3","3","2",".261",".308",".370",".678",".301","-0.5","-1.2","0.8","5352"
"Maicer Izturis","135","123","32","7","0","2","14","12","9","16","1","2","1",".259",".315",".358",".673",".301","0.0","-1.0","0.2","2437"
"Brian Roberts","354","316","77","15","2","6","39","32","30","57","1","6","3",".243",".310",".364",".674",".301","-0.5","-2.1","0.5","166"
"Yunel Escobar","442","395","100","18","1","6","45","40","37","56","3","4","2",".252",".319",".350",".669",".301","-0.2","2.9","2.0","4191"
"Kolten Wong","390","356","93","15","4","5","38","37","25","51","3","12","6",".260",".312",".366",".678",".301","0.3","0.6","1.1","12532"
"Stephen Vogt","106","96","24","5","1","2","11","11","8","17","0","1","0",".248",".303",".376",".679",".301","-0.1","0.1","0.5","5000"
"Sean Rodriguez","252","225","52","11","1","7","27","26","19","60","5","4","2",".229",".300",".373",".673",".300","0.3","1.9","0.4","6589"
"Eric Sogard","249","224","58","11","1","3","26","22","19","30","2","7","3",".257",".319",".352",".671",".300","-0.2","1.0","0.8","7927"
"Luis Jimenez","11","11","3","1","0","0","1","1","0","2","0","0","0",".258",".290",".394",".684",".300","0.0","0.0","0.0","6341"
"Ryan Kalish","340","305","72","13","2","8","33","32","28","79","2","9","4",".236",".303",".372",".675",".300","0.1","0.1","0.3","6962"
"Everth Cabrera","572","512","131","25","4","4","62","40","48","113","3","37","14",".256",".321",".346",".667",".300","2.5","-4.0","1.8","8155"
"B.J. Upton","411","364","81","18","2","11","44","41","39","119","2","14","6",".222",".300",".372",".672",".300","0.7","-0.6","1.0","5015"
"Jimmy Rollins","536","478","115","24","2","11","60","44","47","73","2","16","6",".240",".309",".365",".674",".300","1.1","2.6","1.9","971"
"Jordan Lennerton","29","26","6","1","0","1","3","3","3","7","0","0","0",".235",".313",".357",".670",".300","0.0","0.0","0.0","sa455610"
"Peter Bourjos","421","382","92","17","5","8","43","41","26","101","7","9","4",".242",".299",".374",".673",".300","1.0","6.6","1.9","2578"
"Deibinson Romero","29","26","6","1","0","1","3","3","2","6","0","0","0",".238",".308",".362",".670",".300","0.0","0.0","0.1","sa328505"
"Jake Elmore","29","26","6","1","0","0","3","2","3","4","0","1","1",".251",".325",".337",".662",".300","0.0","-0.3","0.1","7290"
"Brandon Guyer","174","159","39","8","1","3","18","18","10","32","3","5","2",".246",".301",".374",".675",".300","0.1","0.5","0.5","2636"
"Darnell McDonald","29","26","6","1","0","1","3","3","2","6","0","0","0",".243",".305",".367",".672",".300","-0.1","-0.6","0.0","1867"
"Daniel Butler","42","38","9","2","0","1","5","5","3","8","0","0","0",".234",".299",".373",".673",".300","0.0","0.0","0.1","sa510223"
"Gary Sanchez","11","10","2","0","0","0","1","1","1","2","0","0","0",".239",".290",".386",".676",".299","0.0","0.0","0.0","sa549555"
"Brennan Boesch","54","49","12","2","0","1","6","6","4","12","0","1","0",".238",".294",".383",".677",".299","0.0","-1.0","0.0","914"
"Jason Giambi","144","126","27","5","0","4","15","15","15","38","2","1","1",".213",".302",".365",".667",".299","-0.7","-0.3","-0.1","818"
"Abraham Almonte","485","437","108","21","3","8","52","45","39","103","2","16","8",".247",".309",".362",".671",".299","0.3","2.0","1.4","5486"
"Mike Zunino","388","355","82","16","2","13","41","44","24","97","4","2","1",".230",".284",".395",".679",".299","0.3","0.3","1.6","13265"
"Moises Sierra","233","213","51","9","1","6","24","26","14","56","3","4","3",".238",".291",".383",".674",".298","-0.5","-0.4","0.0","6050"
"Juan Uribe","466","426","102","21","1","12","45","50","30","98","4","4","2",".241",".294",".383",".677",".298","-0.8","9.6","2.2","454"
"Jermaine Curtis","52","46","12","2","0","0","5","4","5","6","1","1","0",".254",".328",".329",".657",".298","0.0","0.0","0.1","7765"
"Steve Lombardozzi","263","245","66","12","2","3","27","24","12","32","2","5","3",".269",".307",".365",".672",".298","-0.4","-0.1","0.5","5422"
"Andrew Susac","27","24","5","1","0","1","3","3","3","6","0","0","0",".228",".305",".357",".662",".298","0.0","0.0","0.1","sa501940"
"J.B. Shuck","194","176","47","7","1","1","21","15","14","19","1","4","3",".267",".321",".344",".665",".298","-0.1","-1.1","0.1","6677"
"Scott Sizemore","58","51","12","3","0","1","6","5","5","16","0","1","0",".230",".308",".354",".661",".298","0.0","-0.8","0.0","2881"
"Christian Vazquez","42","38","9","2","0","1","5","4","3","7","0","1","0",".248",".308",".359",".667",".298","0.0","0.0","0.1","sa455056"
"Josh Thole","157","141","35","7","1","2","16","14","13","24","1","1","1",".250",".318",".351",".668",".298","-0.5","-1.2","0.4","9689"
"Jordan Danks","200","176","40","8","1","4","21","19","20","56","1","5","2",".225",".307",".354",".661",".298","-0.2","1.4","0.4","9187"
"Matt Davidson","86","77","17","4","0","3","9","9","7","24","1","0","0",".221",".293",".376",".669",".298","0.0","-0.1","0.1","7226"
"Francisco Peguero","71","67","18","3","1","1","7","7","2","13","0","1","0",".273",".300",".374",".674",".297","0.0","-0.6","0.0","5496"
"Raul Ibanez","443","402","91","18","2","15","47","51","34","100","2","1","1",".226",".287",".389",".676",".297","-2.1","-0.6","-0.1","607"
"Ryan Flaherty","241","219","51","10","1","7","26","26","16","52","2","2","1",".235",".291",".381",".672",".297","0.0","-0.3","0.5","7888"
"Jeff Baker","267","242","58","13","1","6","24","26","19","63","2","2","1",".239",".298",".370",".668",".297","-0.8","-0.9","0.2","2073"
"Jordy Mercer","374","341","86","19","2","6","36","35","23","64","4","4","3",".252",".305",".370",".675",".297","-0.4","-1.8","0.8","6547"
"Collin Cowgill","313","284","69","13","1","6","34","29","23","67","2","6","3",".244",".302",".362",".665",".297","-0.3","2.2","0.8","7250"
"Kurt Suzuki","315","285","70","15","1","6","31","31","23","42","3","2","1",".245",".305",".366",".671",".297","-0.5","0.2","1.1","8259"
"Maikel Franco","71","66","16","3","0","2","7","7","3","11","0","0","0",".248",".285",".388",".673",".297","0.0","0.0","0.1","sa549529"
"Didi Gregorius","28","26","6","1","0","0","3","3","2","4","0","0","0",".250",".305",".363",".669",".297","0.0","0.1","0.1","6012"
"Skip Schumaker","217","195","50","10","1","2","19","17","17","35","2","2","1",".258",".320",".339",".659",".296","-0.4","-1.9","0.1","3704"
"Chris Gimenez","16","14","3","1","0","0","2","1","2","3","0","0","0",".234",".315",".340",".655",".296","0.0","0.0","0.0","7324"
"Matt Tuiasosopo","59","51","11","2","0","2","6","6","6","16","0","0","0",".216",".302",".356",".658",".296","-0.1","-0.2","0.0","8272"
"Jason Bartlett","272","245","62","13","1","2","28","22","21","52","2","5","3",".251",".314",".343",".657",".296","0.3","-3.0","0.3","8219"
"John Buck","117","104","23","5","0","3","12","13","10","28","1","1","0",".225",".297",".373",".670",".296","-0.2","-0.3","0.4","2041"
"Alexi Amarista","303","279","70","14","3","4","29","28","18","41","2","6","4",".251",".299",".370",".669",".296","-0.1","-1.0","0.6","9063"
"Brandon Crawford","453","405","99","21","3","7","41","41","38","82","3","3","2",".244",".310",".356",".666",".296","-0.2","2.0","1.7","5343"
"Zach Walters","70","66","16","3","0","2","7","8","3","17","0","1","1",".242",".275",".401",".676",".296","0.0","-0.2","0.2","10622"
"Robinson Chirinos","108","97","22","4","0","2","11","11","9","23","1","1","0",".232",".302",".358",".660",".296","-0.1","0.1","0.3","3142"
"Logan Schafer","314","286","71","14","2","5","30","29","20","51","3","7","4",".247",".300",".363",".663",".295","-0.1","-0.1","0.0","7937"
"Emilio Bonifacio","235","211","54","10","1","2","23","17","19","47","1","15","6",".257",".320",".336",".655",".295","1.5","-1.2","0.4","4054"
"Kirk Nieuwenhuis","159","143","32","7","1","4","16","15","13","43","1","3","2",".224",".293",".369",".662",".295","0.1","0.5","0.4","6400"
"Tony Sanchez","26","24","6","1","0","0","2","3","2","5","0","0","0",".239",".300",".360",".660",".295","0.0","-0.1","0.1","6178"
"Reed Johnson","168","155","40","9","1","2","16","14","7","36","4","2","1",".256",".301",".363",".663",".295","-0.4","-1.2","0.0","1702"
"J.P. Arencibia","303","280","61","13","1","13","33","39","17","79","2","1","1",".219",".266",".406",".672",".295","-0.5","-2.8","0.4","697"
"Trayce Thompson","28","25","6","1","0","1","3","3","2","7","0","1","0",".219",".288",".373",".661",".294","0.0","0.0","0.0","sa500820"
"Neftali Soto","104","96","23","4","0","3","10","12","5","24","1","1","0",".234",".279",".389",".668",".294","0.0","-1.1","0.0","5663"
"Ramon Cabrera","16","15","4","1","0","0","2","1","1","2","0","0","0",".259",".314",".342",".656",".294","0.0","0.0","0.1","sa503033"
"Tyler Collins","87","79","19","4","0","2","10","9","6","17","1","1","1",".237",".294",".367",".660",".294","0.0","0.1","0.0","12723"
"Nyjer Morgan","225","203","52","8","1","2","23","18","15","43","4","6","3",".254",".316",".335",".651",".294","0.2","0.7","0.6","4885"
"Ramon Hernandez","11","10","2","0","0","0","1","1","1","2","0","0","0",".245",".298",".366",".664",".294","-0.1","0.1","0.0","918"
"Donald Lutz","11","10","2","0","0","0","1","1","1","3","0","0","0",".237",".281",".390",".672",".294","0.0","0.0","0.0","10154"
"Jarrod Dyson","170","153","39","6","2","1","19","14","13","29","1","15","5",".255",".317",".337",".654",".294","1.5","1.8","0.6","4866"
"Kevin Pillar","112","105","27","6","1","2","12","11","5","18","1","4","2",".254",".291",".372",".663",".294","0.0","0.4","0.0","12434"
"Ben Revere","440","408","113","13","4","2","43","30","24","47","2","24","11",".277",".318",".338",".655",".293","1.6","-0.7","0.8","4712"
"Willie Bloomquist","199","185","49","8","1","1","21","16","10","27","1","4","2",".268",".309",".349",".658",".293","-0.2","-0.7","0.0","1066"
"Danny Espinosa","401","363","83","18","2","10","39","40","26","112","7","7","4",".228",".291",".369",".660",".293","-0.1","3.2","1.0","9219"
"Tyler Flowers","307","274","58","11","0","10","32","33","25","97","4","2","1",".212",".286",".371",".656",".293","-0.5","-0.6","0.8","9134"
"Zack Cozart","522","486","119","26","2","12","53","49","26","88","3","2","1",".245",".285",".379",".664",".293","0.4","4.5","1.6","2616"
"Cliff Pennington","168","151","37","8","1","2","16","14","14","31","1","3","1",".245",".309",".345",".655",".293","0.1","0.1","0.2","3395"
"Ryan Hanigan","284","246","59","10","0","4","28","25","31","35","3","1","1",".240",".329",".330",".658",".292","-0.5","4.9","1.5","4952"
"Kyle Jensen","12","11","2","0","0","0","1","1","1","3","0","0","0",".219",".286",".369",".655",".292","0.0","0.0","0.0","sa501667"
"Cesar Hernandez","132","122","32","5","1","1","13","9","8","22","1","5","3",".265",".310",".343",".653",".292","-0.2","0.5","-0.2","10556"
"Gregor Blanco","249","217","51","8","2","2","25","18","27","50","1","8","3",".237",".321",".324",".646",".292","0.4","1.9","0.7","3123"
"Corey Brown","29","26","6","1","0","1","3","3","2","9","0","1","0",".223",".287",".374",".661",".292","0.0","0.0","0.0","2650"
"Brett Jackson","58","52","11","2","1","1","5","6","5","19","0","2","1",".215",".293",".360",".653",".292","0.0","0.0","0.1","9632"
"Brayan Pena","166","155","39","8","0","3","14","16","8","22","1","2","1",".255",".295",".366",".660",".292","-0.9","0.0","0.3","3231"
"Tyler Pastornicky","80","74","19","3","1","1","7","7","5","12","0","2","1",".255",".305",".349",".653",".292","0.0","-0.2","-0.1","6777"
"A.J. Jimenez","26","25","6","1","0","0","3","3","1","4","0","0","0",".252",".293",".362",".656",".291","0.0","0.0","0.1","sa454887"
"Jonathan Villar","516","466","109","19","4","10","58","44","39","134","4","32","15",".234",".295",".356",".651",".291","0.9","-3.0","1.0","10071"
"Francisco Cervelli","81","72","17","3","0","1","8","7","7","17","1","1","1",".233",".309",".333",".642",".291","-0.1","-0.2","0.2","5275"
"Mark Ellis","234","212","53","9","1","3","23","19","15","38","3","2","1",".250",".307",".341",".648",".291","-0.3","1.4","0.5","1443"
"Jose Ramirez","24","22","6","1","0","0","2","2","1","2","0","1","1",".262",".304",".349",".652",".291","0.0","-0.2","0.0","13510"
"Christian Colon","29","26","7","1","0","0","3","3","2","3","0","1","0",".256",".303",".349",".651",".291","0.0","0.0","0.1","sa390641"
"Eury Perez","35","33","9","1","0","0","3","3","1","5","0","2","1",".274",".303",".350",".653",".290","0.0","0.3","0.0","10299"
"Aaron Hicks","403","355","79","15","3","7","40","36","40","92","2","11","7",".223",".302",".343",".645",".290","-0.2","-1.9","0.4","5297"
"Jonathan Schoop","231","213","52","10","0","5","23","23","12","44","2","2","1",".243",".287",".366",".654",".290","-0.1","-1.9","0.1","11265"
"Chris McGuiness","17","15","3","1","0","0","2","2","2","4","0","0","0",".220",".299",".345",".644",".290","0.0","0.0","0.0","9423"
"Donovan Solano","198","182","47","8","1","2","18","16","11","31","2","2","1",".260",".306",".343",".649",".290","-0.2","-1.3","0.2","8623"
"Andrew Romine","357","322","82","11","3","3","35","31","27","61","3","11","6",".253",".314",".328",".642",".289","0.0","-1.8","0.5","1159"
"Jeff Kobernus","185","172","46","7","1","1","18","15","9","30","1","13","6",".267",".307",".341",".648",".289","0.3","0.0","0.3","9591"
"J.R. Murphy","16","15","3","1","0","0","2","2","1","3","0","0","0",".235",".289",".361",".650",".289","0.0","0.0","0.0","10346"
"Addison Russell","28","26","6","1","0","0","3","3","2","7","0","1","0",".233",".290",".358",".648",".289","0.0","0.0","0.1","sa657862"
"Justin Bour","41","37","9","2","0","1","4","4","3","8","0","0","0",".237",".294",".365",".659",".289","0.0","0.0","0.0","sa502196"
"Daniel Descalso","212","191","46","10","1","3","19","19","16","35","2","4","2",".242",".306",".346",".652",".289","0.4","-2.4","0.1","8392"
"Michael Ohlman","27","24","6","1","0","0","3","3","2","5","0","0","0",".233",".299",".344",".643",".289","0.0","0.0","0.1","sa501614"
"Juan Perez","64","60","15","3","0","1","6","6","3","12","1","2","1",".252",".288",".364",".652",".289","-0.1","0.8","0.1","5371"
"Wilmer Flores","47","44","11","2","0","1","4","5","2","7","0","0","0",".247",".286",".368",".654",".289","0.0","-0.2","0.1","5827"
"Hector Gimenez","26","23","5","1","0","1","3","3","2","6","0","0","0",".221",".290",".356",".646",".288","0.0","-0.1","0.1","2172"
"Nick Hundley","78","71","16","4","0","2","7","8","5","18","1","0","0",".227",".286",".368",".654",".288","-0.2","0.0","0.1","3376"
"Eric Young","437","387","92","16","3","4","46","30","39","82","4","30","10",".237",".311",".325",".636",".288","2.9","0.0","0.4","7158"
"Hector Sanchez","79","73","18","4","0","2","7","8","4","16","1","0","0",".241",".287",".362",".649",".288","-0.1","-0.4","0.1","10289"
"Mike Aviles","238","223","56","11","0","5","24","24","10","31","1","6","3",".249",".285",".365",".649",".288","0.1","-1.8","0.2","5986"
"Jack Hannahan","118","104","23","5","0","2","10","10","11","27","1","1","1",".224",".302",".335",".637",".288","-0.4","0.5","0.1","3692"
"Alcides Escobar","491","458","119","22","3","5","51","44","22","68","4","17","6",".260",".298",".351",".649",".288","2.1","2.3","1.4","6310"
"Jose Iglesias","56","52","13","2","0","0","6","5","3","8","1","1","1",".259",".303",".338",".641",".287","0.0","0.2","0.1","10231"
"Ed Lucas","6","6","1","0","0","0","1","1","0","1","0","0","0",".245",".297",".346",".643",".287","0.0","-0.1","0.0","7532"
"Todd Cunningham","58","53","13","2","0","0","5","5","3","8","1","2","1",".253",".305",".334",".639",".287","0.0","-0.3","-0.1","10822"
"Josh Phegley","51","47","11","2","0","1","5","5","2","9","0","0","0",".238",".279",".369",".649",".286","0.0","-0.2","0.1","9308"
"Justin Turner","134","123","30","7","0","1","12","11","8","22","2","1","1",".247",".299",".341",".640",".286","-0.1","-1.7","0.0","5235"
"Brandon Hicks","194","173","37","8","1","5","18","19","16","62","2","3","2",".215",".285",".356",".641",".286","-0.1","-0.2","0.3","4003"
"Chris Valaika","53","49","12","2","0","1","5","5","3","10","1","0","0",".248",".291",".351",".642",".286","0.0","-0.2","0.0","1165"
"Roger Bernadina","196","174","39","7","1","4","19","17","17","49","2","6","2",".221",".295",".341",".636",".285","0.3","-1.2","0.0","6421"
"Tommy Field","74","67","15","3","0","1","7","7","5","15","1","1","0",".230",".293",".343",".635",".285","0.0","-0.4","0.1","6262"
"Engel Beltre","81","75","19","3","1","1","8","8","4","15","1","3","2",".250",".291",".352",".642",".285","-0.1","0.3","0.1","4918"
"Darwin Barney","423","386","96","19","2","5","37","34","27","49","4","4","2",".248",".301",".339",".639",".285","1.2","7.4","1.1","2430"
"Martin Maldonado","180","163","36","7","1","4","16","18","13","42","2","1","1",".223",".286",".351",".637",".285","-0.2","0.6","0.5","6887"
"Munenori Kawasaki","28","25","6","1","0","0","3","2","2","5","0","1","0",".236",".309",".318",".627",".285","0.0","0.1","0.0","13047"
"Cameron Rupp","81","74","17","3","0","2","7","8","5","20","1","0","0",".226",".282",".358",".639",".285","0.0","0.0","0.2","11146"
"Kevin Kiermaier","59","54","13","2","1","1","6","5","4","11","1","2","1",".243",".295",".344",".639",".285","-0.1","0.4","0.0","11038"
"Dee Gordon","331","301","76","11","3","2","33","23","23","56","2","27","11",".253",".309",".324",".633",".285","1.3","-0.9","0.5","8203"
"Luis Sardinas","57","53","14","2","0","0","6","5","3","8","1","2","1",".263",".301",".336",".637",".285","0.0","-0.1","0.0","13153"
"Nick Punto","205","180","42","8","1","1","20","15","22","40","1","3","1",".232",".315",".306",".621",".284","-0.1","-0.1","0.3","1429"
"Austin Romine","51","46","11","2","0","1","5","5","4","10","0","1","0",".232",".289",".345",".634",".284","0.0","-0.1","0.1","5491"
"Gerald Laird","79","70","16","4","0","1","7","7","7","14","1","1","0",".233",".303",".328",".631",".284","-0.1","0.7","0.3","1698"
"Lane Adams","17","16","4","1","0","0","2","2","1","4","0","1","0",".237",".289",".346",".635",".284","0.0","0.0","0.0","sa501717"
"Juan Lagares","222","207","52","9","2","3","19","19","11","45","1","5","3",".249",".289",".354",".642",".284","-0.1","5.0","0.8","5384"
"Tony Gwynn","236","210","50","8","2","2","21","17","21","43","1","7","4",".238",".309",".318",".627",".283","0.1","1.3","0.2","6141"
"Ramiro Pena","278","253","61","11","1","4","25","24","19","53","2","3","2",".240",".296",".336",".632",".283","-0.3","-0.6","0.2","8841"
"Brett Hayes","79","73","17","4","0","2","8","9","4","19","0","1","0",".229",".271",".373",".644",".283","-0.1","0.0","0.2","4293"
"Francisco Lindor","17","16","4","1","0","0","2","2","1","2","0","1","0",".245",".299",".331",".630",".282","0.0","0.0","0.0","sa597754"
"Jonathan Herrera","246","223","55","9","1","2","24","21","18","37","2","4","2",".247",".306",".324",".630",".282","-0.2","-0.7","0.0","4182"
"Hak-Ju Lee","57","52","12","2","0","0","6","5","4","10","0","3","1",".242",".301",".326",".627",".282","0.0","0.0","0.1","sa502536"
"Carlos Corporan","91","83","19","4","0","2","9","9","5","22","2","0","0",".225",".279",".360",".639",".282","-0.2","-0.3","0.2","5587"
"Jeff Bianchi","257","238","59","11","1","3","22","23","14","45","1","5","3",".247",".291",".341",".632",".282","0.1","0.6","-0.6","9958"
"Bryan Holaday","129","119","29","6","0","2","13","12","7","23","1","1","1",".241",".288",".344",".632",".282","-0.1","-0.4","0.2","11287"
"Brent Morel","11","10","2","1","0","0","1","1","1","2","0","0","0",".237",".290",".339",".630",".282","0.0","0.0","0.0","6402"
"Ruben Tejada","456","412","102","20","1","3","40","31","33","61","5","4","2",".247",".308",".319",".627",".282","-0.1","-0.3","0.8","5519"
"Jake Marisnick","40","37","9","2","0","1","3","4","2","8","1","1","1",".236",".283",".349",".632",".281","0.0","0.1","0.0","11339"
"Michael Almanzar","29","27","6","1","0","1","3","3","1","5","0","1","0",".236",".279",".355",".635",".281","0.0","0.0","0.0","sa455994"
"Matt den Dekker","17","16","4","1","0","0","1","2","1","4","0","0","0",".231",".281",".353",".633",".281","0.0","-0.1","0.0","11385"
"Xavier Nady","134","122","28","5","0","3","12","13","9","29","1","1","0",".226",".281",".349",".631",".281","-0.2","-0.4","0.0","1658"
"Anthony Gose","57","52","12","2","1","1","6","5","4","15","1","3","2",".227",".292",".334",".626",".281","0.1","-0.5","0.0","5097"
"Eduardo Escobar","290","267","66","12","2","3","27","25","16","53","2","5","3",".245",".291",".338",".629",".281","-0.2","-0.1","0.3","6153"
"Eugenio Suarez","29","27","6","1","0","0","3","3","2","6","0","1","1",".236",".290",".336",".626",".281","0.0","0.0","0.0","sa505033"
"Billy Hamilton","489","447","109","17","4","5","48","38","33","99","2","58","24",".244",".297",".329",".625",".281","2.9","1.5","0.7","10199"
"Tony Campana","191","175","44","6","2","1","18","15","12","42","1","14","6",".253",".302",".321",".623",".280","0.8","1.2","0.2","4964"
"Blake Lalli","10","9","2","0","0","0","1","1","1","2","0","0","0",".239",".287",".345",".632",".280","0.0","0.0","0.0","9246"
"Omar Quintanilla","170","151","35","6","1","2","14","14","15","33","1","1","1",".231",".302",".326",".627",".280","-0.2","-1.0","0.0","6335"
"Jose Constanza","46","42","11","1","0","0","4","3","3","7","0","2","1",".258",".307",".315",".622",".280","0.1","-0.5","0.0","6003"
"Cheslor Cuthbert","29","26","6","1","0","0","3","3","2","5","0","0","0",".234",".287",".339",".626",".279","0.0","0.0","0.0","sa549634"
"Darin Mastroianni","121","109","26","5","1","1","11","9","9","26","1","6","2",".237",".302",".314",".616",".279","0.1","-0.7","0.0","7316"
"Ramon Santiago","51","46","11","2","0","1","4","4","4","8","1","0","0",".233",".298",".318",".616",".279","-0.1","-0.4","0.0","1417"
"Quintin Berry","62","55","12","2","0","1","6","5","5","15","1","3","1",".227",".302",".310",".612",".279","0.2","-1.1","-0.1","9414"
"Chris Stewart","152","136","32","6","0","2","13","13","11","21","2","2","1",".234",".299",".319",".617",".279","-0.2","0.1","0.4","3878"
"Alex Gonzalez","176","164","38","8","1","4","17","18","8","33","1","1","1",".234",".272",".360",".632",".279","-0.4","-0.8","0.1","520"
"Adeiny Hechavarria","492","457","112","18","6","4","40","40","26","82","2","10","7",".246",".288",".339",".626",".279","-0.8","-3.7","0.1","10459"
"Greg Dobbs","165","151","36","7","0","2","14","15","10","29","1","1","1",".241",".292",".340",".633",".279","-0.4","-0.7","-0.1","2158"
"Rob Brantly","26","24","6","1","0","0","2","2","1","4","0","0","0",".241",".288",".336",".624",".278","0.0","-0.1","0.0","10655"
"Alexi Casilla","23","21","5","1","0","0","2","2","1","4","0","1","0",".238",".292",".325",".617",".277","0.1","-0.3","0.0","5248"
"Pedro Ciriaco","116","110","28","5","1","1","11","10","4","19","1","5","2",".256",".284",".344",".628",".277","0.2","-1.7","0.0","5278"
"Tim Federowicz","130","117","26","6","0","3","11","12","10","32","1","0","0",".220",".284",".337",".621",".277","-0.2","0.0","0.3","8609"
"Hernan Perez","29","28","7","1","0","0","3","3","1","4","0","1","1",".253",".285",".337",".622",".276","0.0","0.0","0.0","5751"
"Tony Cruz","133","122","29","6","1","2","11","12","8","23","1","1","1",".233",".282",".340",".622",".276","0.0","0.3","0.3","2802"
"Danny Santana","40","38","10","2","0","0","4","4","1","7","0","1","1",".253",".283",".339",".622",".276","0.0","0.0","0.0","sa503874"
"Adrian Nieto","136","123","27","5","0","2","13","12","10","30","1","1","1",".220",".283",".329",".613",".276","-0.1","-0.1","0.2","10294"
"Marwin Gonzalez","180","167","40","8","0","2","17","16","9","25","1","4","2",".241",".282",".338",".620",".276","-0.3","0.1","0.2","5497"
"Juan Centeno","27","25","6","1","0","0","2","2","1","4","0","0","0",".249",".294",".321",".615",".275","0.0","0.0","0.1","7168"
"Phil Gosselin","6","5","1","0","0","0","0","0","0","1","0","0","0",".245",".290",".322",".613",".274","0.0","0.0","0.0","10953"
"Jayson Nix","174","158","34","7","1","4","15","15","12","47","2","4","2",".216",".277",".335",".612",".274","0.0","-0.1","0.0","3790"
"Taylor Teagarden","16","14","3","1","0","0","1","2","1","5","0","0","0",".206",".264",".349",".613",".274","0.0","0.0","0.0","5199"
"Jordan Schafer","247","220","49","9","1","3","25","18","22","61","1","15","7",".221",".294",".310",".604",".273","0.4","-0.6","-0.1","9883"
"Tucker Barnhart","44","40","9","2","0","1","4","4","3","8","0","0","0",".225",".286",".321",".607",".273","0.0","0.1","0.1","10200"
"Pedro Florimon","355","323","73","14","2","5","34","30","25","85","2","12","6",".226",".284",".324",".608",".273","0.7","1.0","0.5","8385"
"Ian Stewart","133","118","23","4","1","4","13","13","12","41","1","1","1",".194",".274",".338",".612",".273","-0.1","-0.1","0.0","5950"
"Robert Andino","17","15","4","1","0","0","1","1","1","4","0","0","0",".233",".286",".320",".605",".272","0.0","-0.1","0.0","4900"
"John Hester","26","24","5","1","0","1","3","2","2","7","0","0","0",".215",".276",".331",".607",".272","0.0","-0.1","0.0","877"
"Jesus Sucre","11","10","2","0","0","0","1","1","0","1","0","0","0",".245",".283",".329",".612",".272","0.0","0.0","0.0","5942"
"Ehire Adrianza","150","136","31","6","1","1","12","12","11","26","1","4","2",".227",".289",".313",".603",".272","-0.1","0.4","0.1","8418"
"Freddy Galvis","233","217","50","9","2","4","19","20","12","40","1","3","2",".232",".273",".342",".615",".272","-0.3","-0.4","-0.1","6609"
"Alen Hanson","18","16","4","1","0","0","1","1","1","3","0","1","1",".235",".277",".334",".611",".272","-0.1","0.0","0.0","sa547735"
"Sandy Leon","170","153","34","7","0","2","14","14","13","30","1","1","0",".222",".288",".314",".602",".272","-0.1","0.0","0.2","5273"
"Chris Herrmann","175","157","35","6","1","2","16","14","15","37","1","2","1",".221",".288",".313",".601",".271","-0.1","-0.7","-0.3","9284"
"Chone Figgins","96","86","20","3","0","1","9","7","8","19","0","2","1",".228",".296",".300",".596",".271","0.1","0.0","0.0","1580"
"Ryan Jackson","12","10","2","0","0","0","1","1","1","2","0","0","0",".233",".289",".313",".602",".271","0.0","-0.1","0.0","6596"
"Joaquin Arias","272","256","63","11","2","3","23","24","11","38","2","2","1",".247",".281",".334",".615",".270","0.3","-1.1","0.0","3817"
"Wil Nieves","105","98","24","4","0","1","8","9","5","19","1","1","0",".242",".279",".330",".609",".270","-0.5","0.0","0.1","1556"
"Rob Johnson","26","24","5","1","0","0","2","2","2","5","0","0","0",".216",".279",".324",".603",".270","0.0","-0.1","0.0","8029"
"Josh Wilson","174","161","37","8","1","2","16","15","9","37","1","2","1",".231",".275",".326",".602",".269","-0.2","-0.7","-0.3","2102"
"Ryan Goins","437","406","95","20","1","5","41","38","23","84","2","5","4",".234",".276",".326",".602",".269","-1.0","2.0","0.0","9807"
"Tuffy Gosewisch","67","62","14","3","0","1","6","6","3","12","1","1","0",".222",".267",".337",".604",".268","-0.1","-0.1","0.0","5277"
"Rene Rivera","129","119","27","5","0","2","10","11","7","27","1","1","0",".224",".272",".330",".602",".268","-0.2","0.7","0.3","3648"
"Danny Worth","71","65","14","3","0","1","7","6","5","18","0","2","1",".222",".284",".309",".593",".268","-0.1","-1.1","-0.1","198"
"Elliot Johnson","97","89","20","4","1","1","9","8","6","24","1","5","2",".223",".276",".324",".600",".268","0.1","-0.7","0.0","4751"
"Francisco Martinez","18","16","4","1","0","0","2","2","1","4","0","1","0",".237",".279",".319",".598",".267","0.0","0.0","0.0","sa503297"
"John Baker","202","179","38","7","1","2","16","15","18","47","1","2","1",".213",".289",".297",".586",".267","-0.5","-1.6","-0.1","4756"
"John McDonald","108","100","23","4","0","1","10","10","5","17","1","1","1",".231",".275",".325",".600",".267","-0.3","-0.5","-0.1","395"
"Jhonatan Solano","10","10","2","0","0","0","1","1","1","2","0","0","0",".232",".274",".328",".601",".266","0.0","0.0","0.0","7515"
"Humberto Quintero","10","10","2","0","0","0","1","1","0","2","0","0","0",".232",".267",".336",".603",".266","0.0","0.0","0.0","1824"
"Jose Molina","232","211","47","9","0","3","21","20","15","50","2","2","1",".222",".277",".313",".590",".265","-1.0","0.9","0.4","25"
"Matt Treanor","52","46","9","2","0","1","5","4","5","12","1","1","0",".203",".285",".295",".581",".265","-0.2","0.0","0.1","2265"
"Jared Mitchell","28","25","5","1","0","0","3","2","3","10","0","1","0",".187",".281",".299",".580",".265","0.0","0.0","0.0","sa327116"
"Jonathan Diaz","232","205","43","8","1","2","21","17","21","44","3","4","3",".211",".292",".281",".572",".264","-0.3","1.3","0.0","4142"
"Clint Barmes","263","242","54","11","0","4","21","23","14","54","3","1","1",".221",".270",".325",".594",".263","0.0","1.7","0.3","1830"
"Brendan Ryan","167","150","33","7","0","1","15","13","13","33","2","3","1",".217",".283",".297",".579",".263","0.2","2.2","0.2","6073"
"Wilfredo Tovar","58","53","12","2","0","0","4","4","3","6","1","1","1",".233",".279",".303",".582",".262","-0.1","0.1","0.0","10416"
"Pete Kozma","28","25","6","1","0","0","2","2","2","5","0","0","0",".220",".277",".306",".584",".260","0.0","0.0","0.0","2539"
"Leury Garcia","71","65","15","2","0","1","7","5","4","17","0","4","2",".228",".273",".307",".580",".260","0.1","-0.7","-0.2","5913"
"Audry Perez","16","16","4","1","0","0","1","1","0","3","0","0","0",".232",".257",".329",".586",".259","0.0","0.0","0.0","9176"
"Kristopher Negron","35","32","7","1","0","1","3","3","2","9","0","1","0",".207",".258",".303",".562",".253","0.0","0.0","0.0","5306"
"Jeff Mathis","102","93","18","4","0","2","8","8","7","30","1","1","0",".198",".255",".306",".561",".250","-0.2","0.3","0.0","3448"
"Cody Clark","26","24","5","1","0","0","2","2","1","6","0","0","0",".201",".247",".293",".540",".243","0.0","0.1","0.0","6019"
"Drew Butera","104","96","18","4","0","1","8","8","5","23","1","1","0",".192",".238",".275",".512",".231","-0.2","0.3","-0.1","3411"
